,playerName,playerNameTrue,Pos,GP,TRB,AST,STL,BLK,PTS
0,Deandre Ayton,Deandre Ayton,C,71.0,10.3,1.8,0.9,0.9,16.3
1,Marvin Bagley,Marvin Bagley III,PF,62.0,7.6,1.0,0.5,1.0,14.9
2,Jaren Jackson,Jaren Jackson Jr.,PF,58.0,4.7,1.1,0.9,1.4,13.8
3,Trae Young,Trae Young,PG,81.0,3.7,8.1,0.9,0.2,19.1
4,Mohamed Bamba,Mo Bamba,C,47.0,5.0,0.8,0.3,1.4,6.2
5,Wendell Carter,Wendell Carter Jr.,C,44.0,7.0,1.8,0.6,1.3,10.3
6,Collin Sexton,Collin Sexton,PG,82.0,2.9,3.0,0.5,0.1,16.7
7,Kevin Knox,Kevin Knox,PF,75.0,4.5,1.1,0.6,0.3,12.8
8,Mikal Bridges,Mikal Bridges,SF,82.0,3.2,2.1,1.6,0.5,8.3
9,Shai Gilgeous-Alexander,Shai Gilgeous-Alexander,PG,82.0,2.8,3.3,1.2,0.5,10.8
10,Miles Bridges,Miles Bridges,SF,80.0,4.0,1.2,0.7,0.6,7.5
11,Jerome Robinson,Jerome Robinson,SG,33.0,1.2,0.6,0.3,0.1,3.4
12,Troy Brown,Troy Brown Jr.,SF,52.0,2.8,1.5,0.4,0.1,4.8
13,Zhaire Smith,Zhaire Smith,SG,6.0,2.2,1.7,0.3,0.3,6.7
14,Donte DiVincenzo,Donte DiVincenzo,SG,27.0,2.4,1.1,0.5,0.2,4.9
15,Lonnie Walker,Lonnie Walker,SG,17.0,1.0,0.5,0.4,0.2,2.6
16,Kevin Huerter,Kevin Huerter,SG,75.0,3.3,2.9,0.9,0.3,9.7
17,Josh Okogie,Josh Okogie,SG,74.0,2.9,1.2,1.2,0.4,7.7
18,Grayson Allen,Grayson Allen,SG,38.0,0.6,0.7,0.2,0.2,5.6
19,Chandler Hutchison,Chandler Hutchison,SF,44.0,4.2,0.8,0.5,0.1,5.2
20,Aaron Holiday,Aaron Holiday,PG,50.0,1.3,1.7,0.4,0.3,5.9
21,Moritz Wagner,Moritz Wagner,C,43.0,2.0,0.6,0.3,0.3,4.8
22,Landry Shamet,Landry Shamet,SG,79.0,1.7,1.5,0.5,0.1,9.1
23,Robert Williams,Robert Williams,C,32.0,2.5,0.2,0.3,1.3,2.5
24,Jacob Evans,Jacob Evans,SG,30.0,0.8,0.8,0.2,0.1,1.3
25,Omari Spellman,Omari Spellman,PF,46.0,4.2,1.0,0.6,0.5,5.9
26,Jevon Carter,Jevon Carter,PG,39.0,1.7,1.8,0.7,0.3,4.4
27,Jalen Brunson,Jalen Brunson,PG,73.0,2.3,3.2,0.5,0.1,9.3
28,Devonte' Graham,Devonte' Graham,PG,46.0,1.4,2.6,0.5,0.0,4.7
29,Melvin Frazier,Melvin Frazier,SG,10.0,0.5,0.1,0.1,0.0,1.5
30,Gary Trent,Gary Trent Jr.,SG,15.0,0.7,0.3,0.1,0.1,2.7
31,Khyri Thomas,Khyri Thomas,SG,26.0,0.8,0.3,0.3,0.2,2.3
32,Jarred Vanderbilt,Jarred Vanderbilt,PF,17.0,1.4,0.2,0.4,0.1,1.4
33,Bruce Brown,Bruce Brown,SG,74.0,2.5,1.2,0.5,0.5,4.3
34,Hamidou Diallo,Hamidou Diallo,SG,51.0,1.9,0.3,0.4,0.2,3.7
35,De'Anthony Melton,De'Anthony Melton,PG,50.0,2.7,3.2,1.4,0.5,5.0
36,Sviatoslav Mykhailiuk,Sviatoslav Mykhailiuk,SF,42.0,0.9,0.9,0.3,0.0,3.2
37,Keita Bates-Diop,Keita Bates-Diop,SF,30.0,2.8,0.6,0.6,0.5,5.0
38,Chimezie Metu,Chimezie Metu,PF,29.0,1.2,0.4,0.2,0.1,1.8
39,Alize Johnson,Alize Johnson,PF,14.0,1.4,0.1,0.1,0.2,0.9
40,Vince Edwards,Vince Edwards,SF,2.0,1.0,0.0,0.0,0.0,1.5
41,Devon Hall,Devon Hall,SG,5.0,0.2,0.6,0.0,0.0,1.0
42,Shake Milton,Shake Milton,SG,20.0,1.8,0.9,0.4,0.4,4.4
43,Ray Spalding,Ray Spalding,PF,14.0,3.4,0.4,0.6,0.6,3.9
44,Kevin Hervey,Kevin Hervey,PF,7.0,0.3,0.1,0.0,0.0,0.3
45,Thomas Welsh,Thomas Welsh,C,11.0,0.4,0.5,0.0,0.0,1.6
46,George King,George King,SF,1.0,1.0,0.0,0.0,0.0,0.0
47,Kostas Antetokounmpo,Kostas Antetokounmpo,PF,2.0,0.5,0.0,1.0,0.0,1.0
48,Markelle Fultz,Markelle Fultz,SG,14.0,3.1,3.8,0.9,0.3,7.1
49,Lonzo Ball,Lonzo Ball,PG,52.0,6.9,7.2,1.7,0.8,10.2
50,Jayson Tatum,Jayson Tatum,SF,80.0,5.0,1.6,1.0,0.7,13.9
51,Josh Jackson,Josh Jackson,SF,77.0,4.6,1.5,1.0,0.5,13.1
52,De'Aaron Fox,De'Aaron Fox,PG,73.0,2.8,4.4,1.0,0.3,11.6
53,Jonathan Isaac,Jonathan Isaac,PF,27.0,3.7,0.7,1.2,1.1,5.4
54,Lauri Markkanen,Lauri Markkanen,PF,68.0,7.5,1.2,0.6,0.6,15.2
55,Dennis Smith,Dennis Smith Jr.,PG,69.0,3.8,5.2,1.0,0.3,15.2
56,Zach Collins,Zach Collins,C,66.0,3.3,0.8,0.3,0.5,4.4
57,Malik Monk,Malik Monk,SG,63.0,1.0,1.4,0.3,0.1,6.7
58,Luke Kennard,Luke Kennard,SG,73.0,2.4,1.7,0.6,0.2,7.6
59,Donovan Mitchell,Donovan Mitchell,SG,79.0,3.7,3.7,1.5,0.3,20.5
60,Bam Adebayo,Bam Adebayo,C,69.0,5.5,1.5,0.5,0.6,6.9
61,Justin Jackson,Justin Jackson,SF,68.0,2.8,1.1,0.4,0.2,6.7
62,Justin Patton,Justin Patton,C,1.0,0.0,0.0,1.0,0.0,2.0
63,D.J. Wilson,D.J. Wilson,PF,22.0,0.5,0.1,0.1,0.0,1.0
64,T.J. Leaf,T.J. Leaf,PF,53.0,1.5,0.2,0.1,0.1,2.9
65,John Collins,John Collins,PF,74.0,7.3,1.3,0.6,1.1,10.5
66,Harry Giles,Harry Giles,PF,58.0,3.8,1.5,0.5,0.4,7.0
67,Jarrett Allen,Jarrett Allen,C,72.0,5.4,0.7,0.4,1.2,8.2
68,OG Anunoby,OG Anunoby,SF,74.0,2.5,0.7,0.7,0.2,5.9
69,Tyler Lydon,Tyler Lydon,PF,1.0,0.0,0.0,0.0,0.0,0.0
70,Caleb Swanigan,Caleb Swanigan,PF,27.0,2.0,0.5,0.2,0.1,2.3
71,Kyle Kuzma,Kyle Kuzma,PF,77.0,6.3,1.8,0.6,0.4,16.1
72,Tony Bradley,Tony Bradley,C,9.0,1.2,0.1,0.0,0.0,0.9
73,Derrick White,Derrick White,PG,17.0,1.5,0.5,0.2,0.2,3.2
74,Josh Hart,Josh Hart,SG,63.0,4.2,1.3,0.7,0.3,7.9
75,Frank Jackson,Frank Jackson,PG,61.0,2.2,1.1,0.4,0.0,8.1
76,Davon Reed,Davon Reed,SG,21.0,1.9,0.6,0.5,0.1,3.0
77,Wesley Iwundu,Wesley Iwundu,SF,62.0,2.2,0.9,0.5,0.2,3.7
78,Frank Mason,Frank Mason III,PG,52.0,2.5,2.8,0.7,0.2,7.9
79,Ivan Rabb,Ivan Rabb,PF,36.0,4.4,0.9,0.3,0.4,5.6
80,Semi Ojeleye,Semi Ojeleye,PF,73.0,2.2,0.3,0.3,0.1,2.7
81,Jordan Bell,Jordan Bell,C,57.0,3.6,1.8,0.6,1.0,4.6
82,Jawun Evans,Jawun Evans,PG,48.0,1.8,2.1,0.8,0.1,4.8
83,Dwayne Bacon,Dwayne Bacon,SG,53.0,2.3,0.7,0.3,0.0,3.3
84,Tyler Dorsey,Tyler Dorsey,SG,56.0,2.3,1.4,0.3,0.1,7.2
85,Thomas Bryant,Thomas Bryant,C,15.0,1.1,0.4,0.1,0.1,1.5
86,Damyean Dotson,Damyean Dotson,SG,44.0,1.9,0.7,0.3,0.0,4.1
87,Dillon Brooks,Dillon Brooks,SF,82.0,3.1,1.6,0.9,0.2,11.0
88,Sterling Brown,Sterling Brown,SG,54.0,2.6,0.5,0.6,0.2,4.0
89,Ike Anigbogu,Ike Anigbogu,C,11.0,0.8,0.0,0.1,0.3,1.2
90,Sindarius Thornwell,Sindarius Thornwell,SG,73.0,1.9,0.9,0.7,0.3,3.9
91,Monte Morris,Monte Morris,PG,3.0,0.7,2.3,1.0,0.0,3.3
92,Edmond Sumner,Edmond Sumner,PG,1.0,1.0,0.0,0.0,0.0,2.0
93,Kadeem Allen,Kadeem Allen,PG,18.0,0.6,0.7,0.2,0.1,1.1
94,Alec Peters,Alec Peters,PF,20.0,1.9,0.6,0.1,0.1,4.1
95,Nigel Williams-Goss,Nigel Williams-Goss,PG,9.0,0.6,0.6,0.1,0.1,0.4
96,Jabari Bird,Jabari Bird,SG,13.0,1.5,0.6,0.2,0.1,3.0
97,Jaron Blossomgame,Jaron Blossomgame,SF,27.0,3.6,0.5,0.3,0.3,4.2
98,Brandon Ingram,Brandon Ingram,SF,79.0,4.0,2.1,0.6,0.5,9.4
99,Jaylen Brown,Jaylen Brown,SF,78.0,2.8,0.8,0.4,0.2,6.6
100,Kris Dunn,Kris Dunn,PG,78.0,2.1,2.4,1.0,0.5,3.8
101,Buddy Hield,Buddy Hield,SG,82.0,3.3,1.5,0.5,0.1,10.6
102,Jamal Murray,Jamal Murray,SG,82.0,2.6,2.1,0.6,0.3,9.9
103,Marquese Chriss,Marquese Chriss,PF,82.0,4.2,0.7,0.8,0.9,9.2
104,Jakob Pöltl,Jakob Poeltl,C,54.0,3.1,0.2,0.3,0.4,3.1
105,Domantas Sabonis,Domantas Sabonis,PF,81.0,3.6,1.0,0.5,0.4,5.9
106,Taurean Waller-Prince,Taurean Prince,SF,59.0,2.7,0.9,0.7,0.5,5.7
107,Denzel Valentine,Denzel Valentine,SG,57.0,2.6,1.1,0.5,0.1,5.1
108,Wade Baldwin,Wade Baldwin,PG,33.0,1.4,1.8,0.5,0.2,3.2
109,Henry Ellenson,Henry Ellenson,PF,19.0,2.2,0.4,0.1,0.1,3.2
110,Malik Beasley,Malik Beasley,SG,22.0,0.8,0.5,0.3,0.0,3.8
111,Caris LeVert,Caris LeVert,SF,57.0,3.3,1.9,0.9,0.1,8.2
112,DeAndre' Bembry,DeAndre' Bembry,SF,38.0,1.6,0.7,0.2,0.1,2.7
113,Malachi Richardson,Malachi Richardson,SG,22.0,1.0,0.5,0.2,0.0,3.6
114,Brice Johnson,Brice Johnson,PF,3.0,1.0,0.3,0.7,0.3,1.3
115,Pascal Siakam,Pascal Siakam,PF,55.0,3.4,0.3,0.5,0.8,4.2
116,Skal Labissière,Skal Labissière,PF,33.0,4.9,0.8,0.5,0.4,8.8
117,Dejounte Murray,Dejounte Murray,PG,38.0,1.1,1.3,0.2,0.2,3.4
118,Damian Jones,Damian Jones,C,10.0,2.3,0.0,0.1,0.4,1.9
119,Deyonta Davis,Deyonta Davis,C,36.0,1.7,0.1,0.1,0.5,1.6
120,Cheick Diallo,Cheick Diallo,PF,17.0,4.3,0.2,0.2,0.4,5.1
121,Tyler Ulis,Tyler Ulis,PG,61.0,1.6,3.7,0.8,0.1,7.3
122,Malcolm Brogdon,Malcolm Brogdon,SG,75.0,2.8,4.2,1.1,0.2,10.2
123,Chinanu Onuaku,Chinanu Onuaku,C,5.0,2.0,0.6,0.6,0.2,2.8
124,Patrick McCaw,Patrick McCaw,SG,71.0,1.4,1.1,0.5,0.2,4.0
125,Diamond Stone,Diamond Stone,C,7.0,0.9,0.0,0.0,0.1,1.4
126,Stephen Zimmerman,Stephen Zimmerman,C,19.0,1.8,0.2,0.1,0.3,1.2
127,Isaiah Whitehead,Isaiah Whitehead,PG,73.0,2.5,2.6,0.6,0.5,7.4
128,Demetrius Jackson,Demetrius Jackson,PG,5.0,0.8,0.6,0.0,0.0,2.0
129,A.J. Hammons,A.J. Hammons,C,22.0,1.6,0.2,0.0,0.6,2.2
130,Jake Layman,Jake Layman,SF,35.0,0.7,0.3,0.3,0.1,2.2
131,Michael Gbinije,Michael Gbinije,SG,9.0,0.3,0.2,0.0,0.0,0.4
132,Georges Niang,Georges Niang,PF,23.0,0.7,0.2,0.1,0.0,0.9
133,Ben Bentil,Ben Bentil,PF,3.0,0.7,0.0,0.0,0.0,0.0
134,Joel Bolomboy,Joel Bolomboy,PF,12.0,1.4,0.2,0.1,0.2,1.8
135,Kay Felder,Kay Felder,PG,42.0,1.0,1.4,0.4,0.2,4.0
136,Marcus Paige,Marcus Paige,PG,5.0,0.8,0.6,0.0,0.0,2.4
137,Daniel Hamilton,Daniel Hamilton,SG,6.0,0.8,1.3,0.2,0.0,2.0
138,Abdel Nader,Abdel Nader,SF,48.0,1.5,0.5,0.3,0.2,3.0
139,Tyrone Wallace,Tyrone Wallace,PG,30.0,3.5,2.4,0.9,0.4,9.7
140,Karl-Anthony Towns,Karl-Anthony Towns,C,82.0,10.5,2.0,0.7,1.7,18.3
141,D'Angelo Russell,D'Angelo Russell,PG,80.0,3.4,3.3,1.2,0.2,13.2
142,Jahlil Okafor,Jahlil Okafor,C,53.0,7.0,1.2,0.4,1.2,17.5
143,Willie Cauley-Stein,Willie Cauley-Stein,C,66.0,5.3,0.6,0.7,1.0,7.0
144,Stanley Johnson,Stanley Johnson,SF,73.0,4.2,1.6,0.8,0.2,8.1
145,Frank Kaminsky,Frank Kaminsky,C,81.0,4.1,1.2,0.5,0.5,7.5
146,Justise Winslow,Justise Winslow,SF,78.0,5.2,1.5,0.9,0.3,6.4
147,Myles Turner,Myles Turner,C,60.0,5.5,0.7,0.4,1.4,10.3
148,Trey Lyles,Trey Lyles,PF,80.0,3.7,0.7,0.3,0.2,6.1
149,Devin Booker,Devin Booker,SG,76.0,2.5,2.6,0.6,0.3,13.8
150,Cameron Payne,Cameron Payne,PG,57.0,1.5,1.9,0.6,0.1,5.0
151,Kelly Oubre,Kelly Oubre Jr.,SF,63.0,2.1,0.2,0.3,0.1,3.7
152,Terry Rozier,Terry Rozier,PG,39.0,1.6,0.9,0.2,0.0,1.8
153,Rashad Vaughn,Rashad Vaughn,SG,70.0,1.3,0.6,0.4,0.2,3.1
154,Sam Dekker,Sam Dekker,PF,3.0,0.3,0.0,0.3,0.0,0.0
155,Jerian Grant,Jerian Grant,PG,76.0,1.9,2.3,0.7,0.1,5.6
156,Delon Wright,Delon Wright,PG,27.0,1.4,1.1,0.3,0.1,3.8
157,Justin Anderson,Justin Anderson,SF,55.0,2.4,0.5,0.3,0.5,3.8
158,Bobby Portis,Bobby Portis,PF,62.0,5.4,0.8,0.4,0.4,7.0
159,Rondae Hollis-Jefferson,Rondae Hollis-Jefferson,SF,29.0,5.3,1.5,1.3,0.6,5.8
160,Tyus Jones,Tyus Jones,PG,37.0,1.3,2.9,0.8,0.1,4.2
161,Jarell Martin,Jarell Martin,PF,27.0,3.2,0.6,0.3,0.3,5.7
162,Larry Nance,Larry Nance Jr.,PF,63.0,5.0,0.7,0.9,0.4,5.5
163,R.J. Hunter,R.J. Hunter,SG,36.0,1.0,0.4,0.4,0.1,2.7
164,Chris McCullough,Chris McCullough,PF,24.0,2.8,0.4,1.2,0.5,4.7
165,Kevon Looney,Kevon Looney,PF,5.0,2.0,0.0,0.0,0.0,1.8
166,Montrezl Harrell,Montrezl Harrell,PF,39.0,1.7,0.4,0.3,0.3,3.6
167,Jordan Mickey,Jordan Mickey,PF,16.0,0.8,0.1,0.0,0.7,1.3
168,Anthony Brown,Anthony Brown,SF,29.0,2.4,0.7,0.5,0.2,4.0
169,Rakeem Christmas,Rakeem Christmas,PF,1.0,1.0,0.0,0.0,0.0,4.0
170,Richaun Holmes,Richaun Holmes,PF,51.0,2.6,0.6,0.4,0.8,5.6
171,Darrun Hilliard,Darrun Hilliard,SG,38.0,1.2,0.7,0.2,0.0,4.0
172,Josh Richardson,Josh Richardson,SG,52.0,2.1,1.4,0.7,0.5,6.6
173,Pat Connaughton,Pat Connaughton,SG,34.0,0.9,0.3,0.1,0.0,1.1
174,Joe Young,Joe Young,PG,41.0,1.2,1.6,0.4,0.0,3.8
175,Andrew Harrison,Andrew Harrison,PG,72.0,1.9,2.8,0.7,0.3,5.9
176,Norman Powell,Norman Powell,SG,49.0,2.3,1.0,0.6,0.2,5.6
177,Dakari Johnson,Dakari Johnson,C,31.0,1.1,0.3,0.2,0.3,1.8
178,Branden Dawson,Branden Dawson,PF,6.0,0.7,0.0,0.0,0.2,0.8
179,Andrew Wiggins,Andrew Wiggins,SF,82.0,4.6,2.1,1.0,0.6,16.9
180,Jabari Parker,Jabari Parker,PF,25.0,5.5,1.7,1.2,0.2,12.3
181,Aaron Gordon,Aaron Gordon,PF,47.0,3.6,0.7,0.4,0.5,5.2
182,Marcus Smart,Marcus Smart,PG,67.0,3.3,3.1,1.5,0.3,7.8
183,Julius Randle,Julius Randle,PF,1.0,0.0,0.0,0.0,0.0,2.0
184,Nik Stauskas,Nik Stauskas,SG,73.0,1.2,0.9,0.3,0.2,4.4
185,Noah Vonleh,Noah Vonleh,PF,25.0,3.4,0.2,0.2,0.4,3.3
186,Elfrid Payton,Elfrid Payton,PG,82.0,4.3,6.5,1.7,0.2,8.9
187,Doug McDermott,Doug McDermott,SF,36.0,1.2,0.2,0.1,0.0,3.0
188,Zach LaVine,Zach LaVine,PG,77.0,2.8,3.6,0.7,0.1,10.1
189,T.J. Warren,T.J. Warren,SF,40.0,2.1,0.6,0.5,0.2,6.1
190,Adreian Payne,Adreian Payne,PF,32.0,5.1,0.9,0.6,0.3,6.7
191,James Young,James Young,SG,31.0,1.4,0.4,0.3,0.1,3.4
192,Tyler Ennis,Tyler Ennis,PG,33.0,1.1,2.2,0.5,0.2,3.7
193,Gary Harris,Gary Harris,SG,55.0,1.2,0.5,0.7,0.1,3.4
194,Mitch McGary,Mitch McGary,PF,32.0,5.2,0.4,0.5,0.5,6.3
195,Jordan Adams,Jordan Adams,SG,30.0,0.9,0.5,0.5,0.2,3.1
196,Rodney Hood,Rodney Hood,SG,50.0,2.3,1.7,0.6,0.2,8.7
197,Shabazz Napier,Shabazz Napier,PG,51.0,2.2,2.5,0.8,0.1,5.1
198,P.J. Hairston,P.J. Hairston,SG,45.0,2.0,0.5,0.5,0.3,5.6
199,C.J. Wilcox,C.J. Wilcox,SG,21.0,0.3,0.4,0.1,0.0,2.0
200,Josh Huestis,Josh Huestis,PF,5.0,2.0,0.0,0.2,0.4,2.8
201,Kyle Anderson,Kyle Anderson,SF,33.0,2.2,0.8,0.5,0.2,2.2
202,K.J. McDaniels,K.J. McDaniels,SG,62.0,3.2,1.2,0.7,1.1,7.9
203,Joe Harris,Joe Harris,SG,51.0,0.8,0.5,0.1,0.0,2.7
204,Cleanthony Early,Cleanthony Early,SF,39.0,2.5,0.9,0.6,0.3,5.4
205,Jarnell Stokes,Jarnell Stokes,PF,19.0,1.8,0.2,0.3,0.3,3.0
206,Johnny O'Bryant,Johnny O'Bryant,PF,34.0,1.9,0.5,0.1,0.1,2.9
207,Spencer Dinwiddie,Spencer Dinwiddie,PG,34.0,1.4,3.1,0.6,0.2,4.3
208,Jerami Grant,Jerami Grant,SF,65.0,3.0,1.2,0.6,1.0,6.3
209,Glenn Robinson,Glenn Robinson III,SG-SF,35.0,1.1,0.3,0.2,0.0,2.1
210,Nick Johnson,Nick Johnson,SG,28.0,1.4,0.4,0.3,0.1,2.6
211,Markel Brown,Markel Brown,SG,47.0,2.3,0.8,0.7,0.3,4.6
212,Dwight Powell,Dwight Powell,PF,29.0,1.7,0.3,0.3,0.2,3.1
213,Jordan Clarkson,Jordan Clarkson,PG,59.0,3.2,3.5,0.9,0.2,11.9
214,Russ Smith,Russ Smith,PG,12.0,0.5,0.7,0.3,0.0,2.5
215,Lamar Patterson,Lamar Patterson,SG,35.0,1.4,1.1,0.3,0.1,2.4
216,Cameron Bairstow,Cameron Bairstow,PF,18.0,0.4,0.1,0.1,0.1,0.6
217,Semaj Christon,Semaj Christon,PG,64.0,1.4,2.0,0.4,0.1,2.9
218,Devyn Marble,Devyn Marble,SG,16.0,1.9,1.1,0.6,0.1,2.3
219,Jordan McRae,Jordan McRae,PG,22.0,0.9,1.1,0.1,0.0,4.5
220,Cory Jefferson,Cory Jefferson,PF,50.0,2.9,0.3,0.2,0.4,3.7
221,Anthony Bennett,Anthony Bennett,PF,52.0,3.0,0.3,0.4,0.2,4.2
222,Victor Oladipo,Victor Oladipo,PG,80.0,4.1,4.1,1.6,0.5,13.8
223,Otto Porter,Otto Porter,SF,37.0,1.5,0.3,0.2,0.0,2.1
224,Cody Zeller,Cody Zeller,C,82.0,4.3,1.1,0.5,0.5,6.0
225,Alex Len,Alex Len,C,42.0,2.4,0.1,0.1,0.4,2.0
226,Nerlens Noel,Nerlens Noel,C,75.0,8.1,1.7,1.8,1.9,9.9
227,Ben McLemore,Ben McLemore,SG,82.0,2.9,1.0,0.5,0.2,8.8
228,Kentavious Caldwell-Pope,Kentavious Caldwell-Pope,SG,80.0,2.0,0.7,0.9,0.2,5.9
229,Trey Burke,Trey Burke,PG,70.0,3.0,5.7,0.6,0.1,12.8
230,CJ McCollum,CJ McCollum,SG,38.0,1.3,0.7,0.4,0.1,5.3
231,Michael Carter-Williams,Michael Carter-Williams,PG,70.0,6.2,6.3,1.9,0.6,16.7
232,Steven Adams,Steven Adams,C,81.0,4.1,0.5,0.5,0.7,3.3
233,Kelly Olynyk,Kelly Olynyk,C,70.0,5.2,1.6,0.5,0.4,8.7
234,Shabazz Muhammad,Shabazz Muhammad,SG,37.0,1.4,0.2,0.2,0.0,3.9
235,Shane Larkin,Shane Larkin,PG,48.0,0.9,1.5,0.5,0.0,2.8
236,Tony Snell,Tony Snell,SG,77.0,1.6,0.9,0.4,0.2,4.5
237,Gorgui Dieng,Gorgui Dieng,C,60.0,5.0,0.7,0.5,0.8,4.8
238,Mason Plumlee,Mason Plumlee,C,70.0,4.4,0.9,0.7,0.8,7.4
239,Solomon Hill,Solomon Hill,SF,28.0,1.5,0.4,0.2,0.1,1.7
240,Tim Hardaway,Tim Hardaway Jr.,SG,81.0,1.5,0.8,0.5,0.1,10.2
241,Reggie Bullock,Reggie Bullock,SF,43.0,1.3,0.3,0.2,0.0,2.7
242,Andre Roberson,Andre Roberson,SG,40.0,2.4,0.4,0.5,0.3,1.9
243,Archie Goodwin,Archie Goodwin,SG,52.0,1.7,0.4,0.4,0.2,3.7
244,Allen Crabbe,Allen Crabbe,SG,15.0,0.6,0.4,0.1,0.1,2.2
245,Carrick Felix,Carrick Felix,SG,7.0,0.9,0.6,0.0,0.0,2.7
246,Isaiah Canaan,Isaiah Canaan,PG,22.0,1.1,1.0,0.4,0.2,4.6
247,Glen Rice,Glen Rice Jr.,SG,11.0,1.8,0.6,0.5,0.1,2.9
248,Ray McCallum,Ray McCallum,PG,45.0,1.8,2.7,0.5,0.2,6.2
249,Tony Mitchell,Tony Mitchell,PF,21.0,1.2,0.1,0.3,0.1,1.0
250,Nate Wolters,Nate Wolters,PG,58.0,2.6,3.2,0.6,0.3,7.2
251,Jeff Withey,Jeff Withey,C,58.0,2.6,0.4,0.3,0.9,3.3
252,Grant Jerrett,Grant Jerrett,PF,8.0,1.1,0.4,0.3,0.3,2.0
253,Jamaal Franklin,Jamaal Franklin,SG,21.0,1.1,0.3,0.2,0.1,1.9
254,Pierre Jackson,Pierre Jackson,PG,8.0,1.1,2.4,0.3,0.0,4.4
255,Ricky Ledo,Ricky Ledo,SG,11.0,0.2,0.2,0.1,0.0,1.7
256,Mike Muscala,Mike Muscala,PF,20.0,2.6,0.4,0.2,0.5,3.8
257,Erick Green,Erick Green,PG,43.0,0.7,0.9,0.3,0.0,3.4
258,Ryan Kelly,Ryan Kelly,PF,59.0,3.7,1.6,0.5,0.8,8.0
259,Erik Murphy,Erik Murphy,C,24.0,0.3,0.1,0.0,0.2,0.3
260,James Ennis,James Ennis,SF,62.0,2.8,0.8,0.4,0.3,5.0
261,Lorenzo Brown,Lorenzo Brown,PG,26.0,1.1,1.6,0.5,0.1,2.5
262,Peyton Siva,Peyton Siva,SG,24.0,0.6,1.4,0.4,0.0,2.3
263,Anthony Davis,Anthony Davis,PF,64.0,8.2,1.0,1.2,1.8,13.5
264,Michael Kidd-Gilchrist,Michael Kidd-Gilchrist,SF,78.0,5.8,1.5,0.7,0.9,9.0
265,Bradley Beal,Bradley Beal,SG,56.0,3.8,2.4,0.9,0.5,13.9
266,Dion Waiters,Dion Waiters,SG,61.0,2.4,3.0,1.0,0.3,14.7
267,Thomas Robinson,Thomas Robinson,PF,70.0,4.5,0.7,0.6,0.4,4.8
268,Damian Lillard,Damian Lillard,PG,82.0,3.1,6.5,0.9,0.2,19.0
269,Harrison Barnes,Harrison Barnes,SF,81.0,4.1,1.2,0.6,0.2,9.2
270,Terrence Ross,Terrence Ross,SG,73.0,2.0,0.7,0.6,0.2,6.4
271,Andre Drummond,Andre Drummond,C,60.0,7.6,0.5,1.0,1.6,7.9
272,Austin Rivers,Austin Rivers,SG,61.0,1.8,2.1,0.4,0.1,6.2
273,Meyers Leonard,Meyers Leonard,C,69.0,3.7,0.5,0.2,0.6,5.5
274,Jeremy Lamb,Jeremy Lamb,SF,23.0,0.8,0.2,0.1,0.1,3.1
275,Kendall Marshall,Kendall Marshall,PG,48.0,0.9,3.0,0.5,0.1,3.0
276,John Henson,John Henson,PF,63.0,4.7,0.5,0.3,0.7,6.0
277,Maurice Harkless,Maurice Harkless,SF,76.0,4.4,0.7,1.2,0.8,8.2
278,Royce White,Royce White,PF,3.0,0.0,0.0,0.0,0.0,0.0
279,Tyler Zeller,Tyler Zeller,C,77.0,5.7,1.2,0.5,0.9,7.9
280,Terrence Jones,Terrence Jones,PF,19.0,3.4,0.8,0.6,1.0,5.5
281,Andrew Nicholson,Andrew Nicholson,PF,75.0,3.4,0.6,0.3,0.4,7.8
282,Jared Sullinger,Jared Sullinger,PF,45.0,5.9,0.8,0.5,0.5,6.0
283,Fab Melo,Fab Melo,C,6.0,0.5,0.0,0.3,0.3,1.2
284,John Jenkins,John Jenkins,SG,61.0,1.5,0.9,0.2,0.2,6.1
285,Jared Cunningham,Jared Cunningham,SG,8.0,0.4,0.1,0.1,0.0,2.0
286,Tony Wroten,Tony Wroten,SG,35.0,0.8,1.2,0.2,0.1,2.6
287,Miles Plumlee,Miles Plumlee,C,14.0,1.6,0.1,0.0,0.2,0.9
288,Arnett Moultrie,Arnett Moultrie,PF,47.0,3.1,0.2,0.4,0.2,3.7
289,Perry Jones,Perry Jones,SF,38.0,1.6,0.3,0.1,0.2,2.3
290,Marquis Teague,Marquis Teague,PG,48.0,0.9,1.3,0.2,0.1,2.1
291,Festus Ezeli,Festus Ezeli,C,78.0,4.0,0.3,0.3,0.9,2.4
292,Jeffery Taylor,Jeff Taylor,SF,77.0,1.9,0.8,0.6,0.2,6.1
293,Bernard James,Bernard James,C,46.0,2.8,0.1,0.3,0.8,2.8
294,Jae Crowder,Jae Crowder,SF,78.0,2.4,1.2,0.8,0.2,5.0
295,Draymond Green,Draymond Green,SF,79.0,3.3,0.7,0.5,0.3,2.9
296,Orlando Johnson,Orlando Johnson,SG,51.0,2.2,0.9,0.2,0.2,4.0
297,Quincy Acy,Quincy Acy,PF,29.0,2.7,0.4,0.4,0.5,4.0
298,Quincy Miller,Quincy Miller,PF,7.0,0.3,0.4,0.1,0.0,1.3
299,Khris Middleton,Khris Middleton,SG,27.0,1.9,1.0,0.6,0.1,6.1
300,Will Barton,Will Barton,SG,73.0,2.0,0.8,0.5,0.1,4.0
301,Tyshawn Taylor,Tyshawn Taylor,PG,38.0,0.5,0.6,0.3,0.0,2.2
302,Doron Lamb,Doron Lamb,SG,47.0,1.0,0.7,0.3,0.0,3.3
303,Mike Scott,Mike Scott,PF,40.0,2.8,0.3,0.1,0.1,4.6
304,Kim English,Kim English,SG,41.0,0.9,0.6,0.4,0.1,2.9
305,Justin Hamilton,Justin Hamilton,C,8.0,0.9,0.0,0.6,0.0,3.3
306,Darius Miller,Darius Miller,SF,52.0,1.5,0.8,0.3,0.2,2.3
307,Kevin Murphy,Kevin Murphy,SG,17.0,0.2,0.1,0.1,0.0,0.9
308,Kyle O'Quinn,Kyle O'Quinn,C,57.0,3.7,0.9,0.2,0.5,4.1
309,Kris Joseph,Kris Joseph,SF,10.0,0.7,0.1,0.3,0.0,0.9
310,Darius Johnson-Odom,Darius Johnson-Odom,SG,4.0,1.0,0.3,0.0,0.0,0.0
311,Robbie Hummel,Robbie Hummel,SF,53.0,2.5,0.4,0.3,0.0,3.4
312,Robert Sacre,Robert Sacre,C,32.0,1.1,0.2,0.0,0.3,1.3
313,Kyrie Irving,Kyrie Irving,PG,51.0,3.7,5.4,1.1,0.4,18.5
314,Derrick Williams,Derrick Williams,PF,66.0,4.7,0.6,0.5,0.5,8.8
315,Tristan Thompson,Tristan Thompson,PF,60.0,6.5,0.5,0.5,1.0,8.2
316,Brandon Knight,Brandon Knight,PG,66.0,3.2,3.8,0.7,0.2,12.8
317,Kemba Walker,Kemba Walker,PG,66.0,3.5,4.4,0.9,0.3,12.1
318,Jimmer Fredette,Jimmer Fredette,PG,61.0,1.2,1.8,0.5,0.0,7.6
319,Klay Thompson,Klay Thompson,SG,66.0,2.4,2.0,0.7,0.3,12.5
320,Alec Burks,Alec Burks,SG,59.0,2.2,0.9,0.5,0.1,7.2
321,Markieff Morris,Markieff Morris,PF,63.0,4.4,1.0,0.7,0.7,7.4
322,Marcus Morris,Marcus Morris,PF,17.0,0.9,0.2,0.1,0.1,2.4
323,Kawhi Leonard,Kawhi Leonard,SF,64.0,5.1,1.1,1.3,0.4,7.9
324,Nikola Vučević,Nikola Vučević,C,51.0,4.8,0.6,0.4,0.7,5.5
325,Iman Shumpert,Iman Shumpert,PG,59.0,3.2,2.8,1.7,0.1,9.5
326,Chris Singleton,Chris Singleton,SF,66.0,3.5,0.7,1.1,0.5,4.6
327,Tobias Harris,Tobias Harris,SF,42.0,2.4,0.5,0.3,0.2,5.0
328,Nolan Smith,Nolan Smith,PG,44.0,1.3,1.4,0.4,0.1,3.8
329,Kenneth Faried,Kenneth Faried,PF,46.0,7.7,0.8,0.7,1.0,10.2
330,Reggie Jackson,Reggie Jackson,PG,45.0,1.2,1.6,0.6,0.0,3.1
331,MarShon Brooks,MarShon Brooks,SG,56.0,3.6,2.3,0.9,0.3,12.6
332,Jordan Hamilton,Jordan Hamilton,SF,26.0,2.4,0.8,0.2,0.1,4.4
333,JaJuan Johnson,JaJuan Johnson,PF,36.0,1.6,0.2,0.1,0.4,3.2
334,Norris Cole,Norris Cole,PG,65.0,1.4,2.0,0.7,0.0,6.8
335,Cory Joseph,Cory Joseph,PG,29.0,0.9,1.2,0.2,0.1,2.0
336,Jimmy Butler,Jimmy Butler,SG,42.0,1.3,0.3,0.3,0.1,2.6
337,Justin Harper,Justin Harper,PF,14.0,0.9,0.1,0.1,0.2,1.4
338,Kyle Singler,Kyle Singler,SF,82.0,4.0,0.9,0.7,0.5,8.8
339,Shelvin Mack,Shelvin Mack,PG,64.0,1.4,2.0,0.4,0.0,3.6
340,Tyler Honeycutt,Tyler Honeycutt,SF,15.0,0.9,0.5,0.3,0.2,1.3
341,Jordan Williams,Jordan Williams,C,43.0,3.6,0.3,0.5,0.3,4.6
342,Trey Thompkins,Trey Thompkins,C,24.0,1.0,0.1,0.1,0.1,2.4
343,Chandler Parsons,Chandler Parsons,SF,63.0,4.8,2.1,1.2,0.5,9.5
344,Jon Leuer,Jon Leuer,PF,46.0,2.6,0.5,0.3,0.4,4.7
345,Darius Morris,Darius Morris,PG,19.0,0.8,1.1,0.1,0.0,2.4
346,Malcolm Lee,Malcolm Lee,SG,19.0,1.4,1.6,0.4,0.2,3.3
347,Charles Jenkins,Charles Jenkins,PG,51.0,1.3,3.3,0.6,0.1,5.8
348,Josh Harrellson,Josh Harrellson,PF,37.0,3.9,0.3,0.6,0.5,4.4
349,Andrew Goudelock,Andrew Goudelock,SG,40.0,0.8,0.5,0.1,0.0,4.4
350,Travis Leslie,Travis Leslie,SG,10.0,0.9,0.5,0.2,0.2,1.4
351,Keith Benson,Keith Benson,C,3.0,1.0,0.0,0.0,0.0,0.0
352,Josh Selby,Josh Selby,PG,28.0,0.5,1.1,0.3,0.0,2.3
353,Lavoy Allen,Lavoy Allen,PF,41.0,4.2,0.8,0.3,0.4,4.1
354,Vernon Macklin,Vernon Macklin,C,23.0,1.5,0.2,0.2,0.2,2.0
355,DeAndre Liggins,DeAndre Liggins,SF,17.0,0.9,0.3,0.4,0.0,1.9
356,E'Twaun Moore,E'Twaun Moore,PG,38.0,0.9,0.9,0.3,0.1,2.9
357,Isaiah Thomas,Isaiah Thomas,PG,65.0,2.6,4.1,0.8,0.1,11.5
358,John Wall,John Wall,PG,69.0,4.6,8.3,1.8,0.5,16.4
359,Evan Turner,Evan Turner,SG,78.0,3.9,2.0,0.6,0.2,7.2
360,Derrick Favors,Derrick Favors,PF,78.0,5.3,0.5,0.4,0.9,6.8
361,Wesley Johnson,Wesley Johnson,SG,79.0,3.0,1.9,0.7,0.7,9.0
362,DeMarcus Cousins,DeMarcus Cousins,C,81.0,8.6,2.5,1.0,0.8,14.1
363,Ekpe Udoh,Ekpe Udoh,C,58.0,3.1,0.7,0.4,1.5,4.1
364,Greg Monroe,Greg Monroe,C,80.0,7.5,1.3,1.2,0.6,9.4
365,Al-Farouq Aminu,Al-Farouq Aminu,SF,81.0,3.3,0.7,0.7,0.3,5.6
366,Gordon Hayward,Gordon Hayward,SF,72.0,1.9,1.1,0.4,0.3,5.4
367,Paul George,Paul George,SG,61.0,3.7,1.1,1.0,0.4,7.8
368,Cole Aldrich,Cole Aldrich,C,18.0,1.9,0.2,0.3,0.4,1.0
369,Xavier Henry,Xavier Henry,SG,38.0,1.0,0.5,0.3,0.1,4.3
370,Ed Davis,Ed Davis,PF,65.0,7.1,0.6,0.6,1.0,7.7
371,Patrick Patterson,Patrick Patterson,PF,52.0,3.8,0.8,0.3,0.7,6.3
372,Larry Sanders,Larry Sanders,C,60.0,3.0,0.3,0.4,1.2,4.3
373,Luke Babbitt,Luke Babbitt,SF,24.0,1.3,0.3,0.1,0.1,1.5
374,Eric Bledsoe,Eric Bledsoe,PG,81.0,2.8,3.6,1.1,0.3,6.7
375,Avery Bradley,Avery Bradley,PG,31.0,0.5,0.4,0.3,0.0,1.7
376,James Anderson,James Anderson,SF,26.0,0.9,0.7,0.1,0.2,3.6
377,Craig Brackins,Craig Brackins,PF,3.0,1.3,0.3,0.3,0.0,2.7
378,Elliot Williams,Elliot Williams,SG,24.0,0.8,0.3,0.3,0.1,3.7
379,Trevor Booker,Trevor Booker,PF,65.0,3.9,0.5,0.4,0.6,5.3
380,Damion James,Damion James,SF,25.0,3.4,0.8,0.6,0.5,4.4
381,Dominique Jones,Dominique Jones,SG,18.0,1.4,1.1,0.3,0.2,2.3
382,Quincy Pondexter,Quincy Pondexter,SF,66.0,1.3,0.4,0.3,0.2,2.8
383,Jordan Crawford,Jordan Crawford,SG,42.0,2.5,2.8,0.9,0.1,11.7
384,Greivis Vásquez,Greivis Vásquez,SG,70.0,1.0,2.2,0.3,0.1,3.6
385,Daniel Orton,Daniel Orton,PF,16.0,2.4,0.3,0.5,0.6,2.8
386,Lazar Hayward,Lazar Hayward,SF,42.0,1.7,0.7,0.3,0.2,3.8
387,Dexter Pittman,Dexter Pittman,C,2.0,1.5,0.0,0.0,0.0,1.0
388,Hassan Whiteside,Hassan Whiteside,C,1.0,0.0,0.0,0.0,0.0,0.0
389,Armon Johnson,Armon Johnson,PG,38.0,0.9,1.2,0.1,0.0,2.9
390,Darington Hobson,Darington Hobson,SG,5.0,0.6,1.2,0.0,0.0,0.8
391,Andy Rautins,Andy Rautins,SG,5.0,0.2,0.6,0.2,0.0,1.6
392,Landry Fields,Landry Fields,SG,82.0,6.4,1.9,1.0,0.2,9.7
393,Lance Stephenson,Lance Stephenson,SG,12.0,1.5,1.8,0.3,0.0,3.1
394,Jarvis Varnado,Jarvis Varnado,PF,13.0,0.7,0.2,0.1,0.2,0.6
395,Devin Ebanks,Devin Ebanks,SG,20.0,1.4,0.1,0.2,0.3,3.1
396,Jerome Jordan,Jerome Jordan,C,21.0,1.3,0.2,0.0,0.3,2.0
397,Gani Lawal,Gani Lawal,PF,1.0,0.0,0.0,0.0,0.0,0.0
398,Solomon Alabi,Solomon Alabi,C,12.0,1.2,0.2,0.2,0.2,0.5
399,Luke Harangody,Luke Harangody,PF,49.0,2.9,0.6,0.3,0.3,3.9
400,Willie Warren,Willie Warren,PG,19.0,0.6,1.4,0.3,0.0,1.9
401,Jeremy Evans,Jeremy Evans,SF,49.0,2.0,0.5,0.3,0.3,3.6
402,Hamady N'Diaye,Hamady N'Diaye,C,16.0,0.4,0.0,0.1,0.3,0.9
403,Ryan Reid,Ryan Reid,PF,5.0,0.4,0.0,0.0,0.0,1.6
404,Derrick Caracter,Derrick Caracter,C,41.0,1.0,0.2,0.1,0.2,2.0
405,Hasheem Thabeet,Hasheem Thabeet,C,68.0,3.6,0.2,0.2,1.3,3.1
406,James Harden,James Harden,SG,76.0,3.2,1.8,1.1,0.3,9.9
407,Tyreke Evans,Tyreke Evans,SG,72.0,5.3,5.8,1.5,0.4,20.1
408,Jonny Flynn,Jonny Flynn,PG,81.0,2.4,4.4,1.0,0.0,13.5
409,Stephen Curry,Stephen Curry,PG,80.0,4.5,5.9,1.9,0.2,17.5
410,Jordan Hill,Jordan Hill,PF,47.0,3.7,0.4,0.3,0.4,5.2
411,DeMar DeRozan,DeMar DeRozan,SG,77.0,2.9,0.7,0.6,0.2,8.6
412,Terrence Williams,Terrence Williams,SF,78.0,4.5,2.9,0.6,0.1,8.4
413,Gerald Henderson,Gerald Henderson,SG,43.0,1.3,0.3,0.2,0.2,2.6
414,Tyler Hansbrough,Tyler Hansbrough,PF,29.0,4.8,1.0,0.6,0.3,8.5
415,Earl Clark,Earl Clark,PF,51.0,1.2,0.4,0.1,0.3,2.7
416,Austin Daye,Austin Daye,SF,69.0,2.5,0.5,0.4,0.4,5.1
417,James Johnson,James Johnson,PF,65.0,2.0,0.7,0.3,0.7,3.9
418,Jrue Holiday,Jrue Holiday,PG,73.0,2.6,3.8,1.1,0.2,8.0
419,Ty Lawson,Ty Lawson,PG,65.0,1.9,3.1,0.7,0.0,8.3
420,Jeff Teague,Jeff Teague,PG,71.0,0.9,1.7,0.5,0.2,3.2
421,Eric Maynor,Eric Maynor,PG,81.0,1.6,3.3,0.5,0.1,4.7
422,Darren Collison,Darren Collison,PG,76.0,2.5,5.7,1.0,0.1,12.4
423,Byron Mullens,Byron Mullens,PF,13.0,0.8,0.1,0.2,0.0,1.1
424,Taj Gibson,Taj Gibson,PF,82.0,7.5,0.9,0.6,1.3,9.0
425,DeMarre Carroll,DeMarre Carroll,SF,71.0,2.1,0.5,0.4,0.1,2.9
426,Wayne Ellington,Wayne Ellington,SG,76.0,2.1,1.0,0.3,0.1,6.6
427,Toney Douglas,Toney Douglas,PG,56.0,1.9,2.0,0.8,0.1,8.6
428,Jeff Ayres,Jeff Ayres,C,39.0,2.5,0.0,0.2,0.4,2.7
429,Jermaine Taylor,Jermaine Taylor,SG,31.0,1.5,0.5,0.3,0.1,4.1
430,Dante Cunningham,Dante Cunningham,PF,63.0,2.5,0.2,0.4,0.3,3.9
431,DaJuan Summers,DaJuan Summers,SF,44.0,1.0,0.4,0.2,0.2,3.0
432,Sam Young,Sam Young,SF,80.0,2.5,0.7,0.4,0.3,7.4
433,DeJuan Blair,DeJuan Blair,PF,82.0,6.4,0.8,0.6,0.5,7.8
434,Jon Brockman,Jon Brockman,PF,52.0,4.1,0.4,0.3,0.1,2.8
435,Derrick Brown,Derrick Brown,SF,57.0,1.4,0.3,0.4,0.2,3.3
436,Jodie Meeks,Jodie Meeks,SG,60.0,1.7,0.7,0.3,0.1,4.7
437,Patrick Beverley,Patrick Beverley,PG,41.0,2.7,2.9,0.9,0.5,5.6
438,Marcus Thornton,Marcus Thornton,SG,73.0,2.9,1.6,0.8,0.2,14.5
439,Chase Budinger,Chase Budinger,SF,74.0,3.0,1.2,0.5,0.1,8.9
440,Nick Calathes,Nick Calathes,SG,71.0,1.9,2.9,0.9,0.1,4.9
441,Danny Green,Danny Green,SG,20.0,0.9,0.3,0.3,0.2,2.0
442,Taylor Griffin,Taylor Griffin,SF,8.0,0.3,0.1,0.0,0.3,1.3
443,A.J. Price,A.J. Price,PG,56.0,1.6,1.9,0.6,0.1,7.3
444,Patty Mills,Patty Mills,PG,10.0,0.2,0.5,0.0,0.0,2.6
445,Lester Hudson,Lester Hudson,PG,25.0,0.7,0.5,0.3,0.1,2.3
446,Derrick Rose,Derrick Rose,PG,81.0,3.9,6.3,0.8,0.2,16.8
447,Michael Beasley,Michael Beasley,PF,81.0,5.4,1.0,0.5,0.5,13.9
448,O.J. Mayo,O.J. Mayo,SG,82.0,3.8,3.2,1.1,0.2,18.5
449,Russell Westbrook,Russell Westbrook,PG,82.0,4.9,5.3,1.3,0.2,15.3
450,Kevin Love,Kevin Love,C,81.0,9.1,1.0,0.4,0.6,11.1
451,Eric Gordon,Eric Gordon,SG,78.0,2.6,2.8,1.0,0.4,16.1
452,Joe Alexander,Joe Alexander,SF,59.0,1.9,0.7,0.3,0.5,4.7
453,D.J. Augustin,D.J. Augustin,PG,72.0,1.8,3.5,0.6,0.0,11.8
454,Brook Lopez,Brook Lopez,C,82.0,8.1,1.0,0.5,1.8,13.0
455,Jerryd Bayless,Jerryd Bayless,PG,53.0,1.1,1.5,0.3,0.0,4.3
456,Jason Thompson,Jason Thompson,PF,82.0,7.4,1.1,0.6,0.7,11.1
457,Brandon Rush,Brandon Rush,SG,75.0,3.1,0.9,0.5,0.5,8.1
458,Anthony Randolph,Anthony Randolph,PF,63.0,5.8,0.8,0.7,1.2,7.9
459,Robin Lopez,Robin Lopez,C,60.0,2.0,0.1,0.2,0.7,3.2
460,Marreese Speights,Marreese Speights,C,79.0,3.7,0.4,0.3,0.7,7.7
461,Roy Hibbert,Roy Hibbert,C,70.0,3.5,0.7,0.3,1.1,7.1
462,JaVale McGee,JaVale McGee,C,75.0,3.9,0.3,0.4,1.0,6.5
463,J.J. Hickson,J.J. Hickson,C,62.0,2.7,0.1,0.2,0.5,4.0
464,Ryan Anderson,Ryan Anderson,PF,66.0,4.7,0.8,0.7,0.3,7.4
465,Courtney Lee,Courtney Lee,SG,77.0,2.3,1.2,1.0,0.2,8.4
466,Kosta Koufos,Kosta Koufos,C,48.0,2.9,0.4,0.3,0.6,4.7
467,George Hill,George Hill,PG,77.0,2.1,1.8,0.6,0.3,5.7
468,Darrell Arthur,Darrell Arthur,PF,76.0,4.6,0.6,0.7,0.7,5.6
469,Donté Greene,Donté Greene,SF,55.0,1.6,0.5,0.3,0.3,3.8
470,D.J. White,D.J. White,PF,7.0,4.6,0.9,0.4,0.7,8.9
471,J.R. Giddens,J.R. Giddens,SF,6.0,0.5,0.0,0.2,0.0,0.7
472,Walter Sharpe,Walter Sharpe,PF,8.0,0.4,0.0,0.0,0.3,1.0
473,Joey Dorsey,Joey Dorsey,PF,3.0,0.3,0.3,0.0,0.0,0.7
474,Mario Chalmers,Mario Chalmers,PG,82.0,2.8,4.9,2.0,0.1,10.0
475,DeAndre Jordan,DeAndre Jordan,C,53.0,4.5,0.2,0.2,1.1,4.3
476,Luc Mbah a Moute,Luc Mbah a Moute,PF,82.0,5.9,1.1,1.1,0.5,7.2
477,Kyle Weaver,Kyle Weaver,SG,56.0,2.3,1.8,0.8,0.4,5.3
478,Sonny Weems,Sonny Weems,SG,12.0,0.3,0.3,0.1,0.0,1.6
479,Chris Douglas-Roberts,Chris Douglas-Roberts,SG,44.0,1.1,1.2,0.3,0.2,4.9
480,Sean Singletary,Sean Singletary,PG,37.0,0.9,0.8,0.3,0.0,2.4
481,Patrick Ewing,Patrick Ewing,SF,7.0,0.3,0.3,0.0,0.1,0.4
482,Henry Walker,Henry Walker,SF,29.0,1.0,0.4,0.2,0.1,3.0
483,Malik Hairston,Malik Hairston,SG,15.0,1.9,0.9,0.4,0.5,3.3
484,Darnell Jackson,Darnell Jackson,PF,51.0,1.7,0.2,0.2,0.1,1.9
485,Mike Taylor,Mike Taylor,PG,51.0,1.7,2.1,0.7,0.0,5.7
486,Sasha Kaun,Sasha Kaun,C,25.0,1.0,0.1,0.2,0.2,0.9
487,Joe Crawford,Joe Crawford,SF,2.0,2.0,0.5,0.5,0.0,4.5
488,Kevin Durant,Kevin Durant,SG,80.0,4.4,2.4,1.0,0.9,20.3
489,Al Horford,Al Horford,C,81.0,9.7,1.5,0.7,0.9,10.1
490,Mike Conley,Mike Conley,PG,53.0,2.6,4.2,0.8,0.0,9.4
491,Jeff Green,Jeff Green,SF,80.0,4.7,1.5,0.6,0.6,10.5
492,Corey Brewer,Corey Brewer,SF,79.0,3.7,1.4,1.0,0.3,5.8
493,Brandan Wright,Brandan Wright,PF,38.0,2.6,0.2,0.2,0.6,4.0
494,Joakim Noah,Joakim Noah,C,74.0,5.6,1.1,0.9,0.9,6.6
495,Spencer Hawes,Spencer Hawes,C,71.0,3.2,0.6,0.2,0.6,4.7
496,Acie Law,Acie Law,PG,56.0,1.0,2.0,0.5,0.0,4.2
497,Thaddeus Young,Thaddeus Young,PF,74.0,4.2,0.8,1.0,0.1,8.2
498,Julian Wright,Julian Wright,SF,57.0,2.1,0.7,0.5,0.2,3.9
499,Al Thornton,Al Thornton,PF,79.0,4.5,1.2,0.6,0.5,12.7
500,Rodney Stuckey,Rodney Stuckey,PG,57.0,2.3,2.8,0.9,0.1,7.6
501,Nick Young,Nick Young,SG,75.0,1.5,0.8,0.5,0.1,7.5
502,Sean Williams,Sean Williams,C,73.0,4.4,0.4,0.4,1.5,5.6
503,Javaris Crittenton,Javaris Crittenton,SG,50.0,2.2,1.0,0.4,0.0,5.6
504,Jason Smith,Jason Smith,PF,76.0,3.0,0.3,0.3,0.7,4.5
505,Daequan Cook,Daequan Cook,SG,59.0,3.0,1.3,0.4,0.2,8.8
506,Jared Dudley,Jared Dudley,PF,73.0,3.9,1.1,0.8,0.1,5.8
507,Wilson Chandler,Wilson Chandler,SF,35.0,3.6,0.9,0.4,0.5,7.3
508,Morris Almond,Morris Almond,SG,9.0,0.2,0.3,0.1,0.0,1.4
509,Aaron Brooks,Aaron Brooks,PG,51.0,1.1,1.7,0.3,0.1,5.2
510,Arron Afflalo,Arron Afflalo,SG,75.0,1.8,0.7,0.4,0.1,3.7
511,Alando Tucker,Alando Tucker,SF,6.0,1.3,0.0,0.0,0.2,3.7
512,Carl Landry,Carl Landry,PF,42.0,4.9,0.5,0.4,0.2,8.1
513,Gabe Pruitt,Gabe Pruitt,PG,15.0,0.5,0.9,0.3,0.0,2.1
514,Marcus Williams,Marcus Williams,PF-SF,11.0,1.1,0.3,0.1,0.1,0.9
515,Nick Fazekas,Nick Fazekas,PF,26.0,3.4,0.4,0.3,0.4,4.1
516,Glen Davis,Glen Davis,C,69.0,3.0,0.4,0.4,0.3,4.5
517,Jermareo Davidson,Jermareo Davidson,SF,38.0,1.6,0.3,0.2,0.4,3.2
518,Josh McRoberts,Josh McRoberts,PF,8.0,1.3,0.3,0.1,0.0,1.5
519,Chris Richard,Chris Richard,C,52.0,2.6,0.3,0.2,0.2,1.9
520,Derrick Byars,Derrick Byars,PF,2.0,5.5,0.5,1.0,0.0,5.0
521,Stéphane Lasme,Stéphane Lasme,PF-SF,16.0,3.3,0.2,0.8,1.4,5.2
522,Dominic McGuire,Dominic McGuire,SG,70.0,2.0,0.6,0.3,0.4,1.3
523,Aaron Gray,Aaron Gray,C,61.0,2.8,0.7,0.3,0.3,4.3
524,JamesOn Curry,JamesOn Curry,PG,1.0,0.0,0.0,0.0,0.0,0.0
525,Taurean Green,Taurean Green,SG-PG,17.0,0.6,0.6,0.1,0.0,1.6
526,Demetris Nichols,Demetris Nichols,SF,14.0,0.4,0.1,0.0,0.2,1.1
527,Ramon Sessions,Ramon Sessions,PG,17.0,3.4,7.5,1.0,0.2,8.1
528,D.J. Strawberry,D.J. Strawberry,SG,33.0,0.8,0.9,0.4,0.2,2.2
529,LaMarcus Aldridge,LaMarcus Aldridge,C,63.0,5.0,0.4,0.3,1.2,9.0
530,Adam Morrison,Adam Morrison,PF,78.0,2.9,2.1,0.4,0.1,11.8
531,Tyrus Thomas,Tyrus Thomas,PF,72.0,3.7,0.6,0.6,1.1,5.2
532,Shelden Williams,Shelden Williams,PF,81.0,5.4,0.5,0.6,0.5,5.5
533,Brandon Roy,Brandon Roy,SG,57.0,4.4,4.0,1.2,0.2,16.8
534,Randy Foye,Randy Foye,PG,82.0,2.7,2.8,0.6,0.3,10.1
535,Rudy Gay,Rudy Gay,SF,78.0,4.5,1.3,0.9,0.9,10.8
536,Patrick O'Bryant,Patrick O'Bryant,C,16.0,1.3,0.6,0.4,0.5,1.9
537,J.J. Redick,J.J. Redick,PG,42.0,1.2,0.9,0.3,0.0,6.0
538,Hilton Armstrong,Hilton Armstrong,C,56.0,2.7,0.2,0.2,0.5,3.1
539,Ronnie Brewer,Ronnie Brewer,SG,56.0,1.3,0.4,0.7,0.1,4.6
540,Cedric Simmons,Cedric Simmons,PF,43.0,2.5,0.3,0.2,0.5,2.9
541,Rodney Carney,Rodney Carney,SF,67.0,1.9,0.4,0.6,0.3,6.6
542,Shawne Williams,Shawne Williams,SG,46.0,1.8,0.5,0.1,0.2,3.9
543,Quincy Douby,Quincy Douby,PG,42.0,0.9,0.4,0.4,0.1,2.8
544,Renaldo Balkman,Renaldo Balkman,SF,68.0,4.3,0.6,0.8,0.6,4.9
545,Rajon Rondo,Rajon Rondo,PG,78.0,3.7,3.8,1.6,0.1,6.4
546,Marcus Williams,Marcus Williams,PG,79.0,2.1,3.3,0.4,0.0,6.8
547,Josh Boone,Josh Boone,PF,61.0,2.9,0.2,0.2,0.3,4.2
548,Kyle Lowry,Kyle Lowry,PG,10.0,3.1,3.2,1.4,0.1,5.6
549,Shannon Brown,Shannon Brown,SG,23.0,0.9,0.4,0.3,0.1,3.2
550,Jordan Farmar,Jordan Farmar,PG,72.0,1.7,1.9,0.6,0.1,4.4
551,Maurice Ager,Maurice Ager,SG,32.0,0.7,0.2,0.1,0.1,2.2
552,Mardy Collins,Mardy Collins,SF,52.0,2.0,1.6,0.6,0.1,4.5
553,James White,James White,SG,6.0,3.3,0.8,0.5,0.2,8.3
554,Steve Novak,Steve Novak,SF,35.0,0.7,0.2,0.1,0.0,1.5
555,Solomon Jones,Solomon Jones,PF,58.0,2.3,0.2,0.2,0.7,3.3
556,Paul Davis,Paul Davis,C,31.0,1.4,0.2,0.2,0.2,1.6
557,P.J. Tucker,P.J. Tucker,SF,17.0,1.4,0.2,0.1,0.0,1.8
558,Craig Smith,Craig Smith,PF,82.0,5.1,0.6,0.6,0.2,7.4
559,Bobby Jones,Bobby Jones,SF,44.0,1.3,0.4,0.3,0.0,2.5
560,David Noel,David Noel,PF,68.0,1.8,1.0,0.4,0.1,2.7
561,James Augustine,James Augustine,PF,2.0,1.5,1.0,0.0,0.0,1.0
562,Daniel Gibson,Daniel Gibson,PG,60.0,1.5,1.2,0.4,0.1,4.6
563,Alexander Johnson,Alexander Johnson,PF,59.0,3.1,0.3,0.4,0.6,4.4
564,Dee Brown,Dee Brown,PG,49.0,0.8,1.7,0.4,0.1,1.9
565,Paul Millsap,Paul Millsap,PF,82.0,5.2,0.8,0.8,0.9,6.8
566,Leon Powe,Leon Powe,C,63.0,3.4,0.2,0.2,0.3,4.2
567,Ryan Hollins,Ryan Hollins,C,27.0,1.1,0.0,0.1,0.3,2.4
568,Guillermo Díaz,Guillermo Díaz,SG,6.0,0.3,0.2,0.0,0.0,0.8
569,Hassan Adams,Hassan Adams,SG,61.0,1.3,0.2,0.3,0.1,2.9
570,Will Blalock,Will Blalock,PG,14.0,1.1,1.2,0.4,0.0,1.8
571,Andrew Bogut,Andrew Bogut,PF,82.0,7.0,2.3,0.6,0.8,9.4
572,Marvin Williams,Marvin Williams,PF,79.0,4.8,0.8,0.6,0.3,8.5
573,Deron Williams,Deron Williams,PG,80.0,2.4,4.5,0.8,0.2,10.8
574,Chris Paul,Chris Paul,PG,78.0,5.1,7.8,2.2,0.1,16.1
575,Raymond Felton,Raymond Felton,PG,80.0,3.3,5.6,1.3,0.1,11.9
576,Charlie Villanueva,Charlie Villanueva,PF,81.0,6.4,1.1,0.7,0.8,13.0
577,Channing Frye,Channing Frye,C,65.0,5.8,0.8,0.5,0.7,12.3
578,Ike Diogu,Ike Diogu,PF,69.0,3.3,0.4,0.2,0.4,7.0
579,Sean May,Sean May,PF,23.0,4.7,1.0,0.7,0.5,8.2
580,Rashad McCants,Rashad McCants,SG,79.0,1.8,0.8,0.6,0.3,7.9
581,Antoine Wright,Antoine Wright,SG,39.0,0.8,0.3,0.1,0.1,1.8
582,Joey Graham,Joey Graham,SF,80.0,3.1,0.8,0.5,0.2,6.7
583,Danny Granger,Danny Granger,SF,78.0,4.9,1.2,0.7,0.8,7.5
584,Hakim Warrick,Hakim Warrick,PF,68.0,2.1,0.4,0.2,0.3,4.1
585,Julius Hodge,Julius Hodge,SG,14.0,0.5,0.4,0.1,0.0,0.9
586,Nate Robinson,Nate Robinson,PG,72.0,2.3,2.0,0.8,0.0,9.3
587,Jarrett Jack,Jarrett Jack,SG,79.0,2.0,2.8,0.5,0.0,6.7
588,Francisco García,Francisco García,SF,67.0,2.8,1.4,0.6,0.7,5.6
589,Luther Head,Luther Head,SG,80.0,3.3,2.7,1.1,0.1,8.8
590,Jason Maxiell,Jason Maxiell,PF,26.0,1.1,0.1,0.2,0.2,2.3
591,Linas Kleiza,Linas Kleiza,PF,61.0,1.9,0.2,0.2,0.2,3.5
592,Wayne Simien,Wayne Simien,PF,43.0,2.0,0.2,0.3,0.0,3.4
593,David Lee,David Lee,SF,67.0,4.5,0.6,0.4,0.3,5.1
594,Salim Stoudamire,Salim Stoudamire,SG,61.0,1.9,1.2,0.4,0.0,9.7
595,Daniel Ewing,Daniel Ewing,SG,66.0,1.3,1.3,0.6,0.1,3.8
596,Brandon Bass,Brandon Bass,PF,29.0,2.3,0.1,0.1,0.2,2.3
597,Ronny Turiaf,Ronny Turiaf,C,23.0,1.6,0.3,0.1,0.4,2.0
598,Travis Diener,Travis Diener,PG,23.0,0.9,0.7,0.3,0.0,3.8
599,Von Wafer,Von Wafer,SG,16.0,0.5,0.3,0.2,0.0,1.3
600,Chris Taft,Chris Taft,C,17.0,2.1,0.1,0.1,0.4,2.8
601,Bracey Wright,Bracey Wright,SG,7.0,2.6,0.7,0.1,0.0,8.9
602,Ryan Gomes,Ryan Gomes,PF,61.0,4.9,1.0,0.6,0.1,7.6
603,Robert Whaley,Robert Whaley,C,23.0,1.9,0.7,0.3,0.3,2.1
604,Orien Greene,Orien Greene,PG,80.0,1.8,1.6,1.0,0.1,3.2
605,Dijon Thompson,Dijon Thompson,SG,10.0,1.1,0.1,0.3,0.1,2.8
606,Lawrence Roberts,Lawrence Roberts,C,33.0,1.5,0.2,0.2,0.1,1.5
607,Alex Acker,Alex Acker,SG,5.0,1.0,0.8,0.2,0.0,1.8
608,Emeka Okafor,Emeka Okafor,PF,73.0,10.9,0.9,0.8,1.7,15.1
609,Ben Gordon,Ben Gordon,SG,82.0,2.6,2.0,0.6,0.1,15.1
610,Devin Harris,Devin Harris,PG,76.0,1.3,2.2,1.0,0.3,5.7
611,Josh Childress,Josh Childress,SG,80.0,6.0,1.9,0.9,0.4,10.1
612,Luol Deng,Luol Deng,SF,61.0,5.3,2.2,0.8,0.4,11.7
613,Rafael Araújo,Rafael Araújo,C,59.0,3.1,0.3,0.4,0.1,3.3
614,Andre Iguodala,Andre Iguodala,SG,82.0,5.7,3.0,1.7,0.6,9.0
615,Luke Jackson,Luke Jackson,SF,10.0,0.6,0.3,0.0,0.0,2.9
616,Kris Humphries,Kris Humphries,PF,67.0,2.9,0.6,0.4,0.3,4.1
617,Kirk Snyder,Kirk Snyder,SG,68.0,1.8,0.5,0.4,0.3,5.0
618,Jameer Nelson,Jameer Nelson,PG,79.0,2.4,3.0,1.0,0.0,8.7
619,Delonte West,Delonte West,SG,39.0,1.7,1.4,0.5,0.2,4.5
620,Tony Allen,Tony Allen,SG,77.0,2.9,0.8,1.0,0.3,6.4
621,Kevin Martin,Kevin Martin,PG,45.0,1.3,0.5,0.4,0.1,2.9
622,David Harrison,David Harrison,C,43.0,3.1,0.3,0.4,1.3,6.1
623,Jackson Vroman,Jackson Vroman,C-PF,46.0,3.8,0.9,0.5,0.4,4.6
624,Lionel Chalmers,Lionel Chalmers,PG,36.0,0.9,1.4,0.4,0.0,3.1
625,Donta Smith,Donta Smith,SG,38.0,1.4,1.0,0.6,0.1,3.3
626,Andre Emmett,Andre Emmett,SG,8.0,0.3,0.0,0.0,0.0,0.9
627,Antonio Burks,Antonio Burks,PG,24.0,0.5,1.2,0.5,0.0,3.0
628,Royal Ivey,Royal Ivey,PG,62.0,1.4,1.7,0.6,0.1,3.5
629,Chris Duhon,Chris Duhon,PG,82.0,2.6,4.9,1.0,0.0,5.9
630,Justin Reed,Justin Reed,SF,23.0,0.7,0.4,0.1,0.0,1.8
631,Trevor Ariza,Trevor Ariza,SF,80.0,3.0,1.1,0.9,0.2,5.9
632,Bernard Robinson,Bernard Robinson,SG,31.0,1.5,1.0,0.4,0.1,3.0
633,Pape Sow,Pape Sow,C,27.0,2.1,0.1,0.4,0.1,2.3
634,Matt Freije,Matt Freije,PF,23.0,2.7,0.9,0.6,0.1,4.0
635,Luis Flores,Luis Flores,PG,16.0,0.2,0.7,0.1,0.0,2.2
636,Carmelo Anthony,Carmelo Anthony,SF,82.0,6.1,2.8,1.2,0.5,21.0
637,Chris Bosh,Chris Bosh,C,75.0,7.4,1.0,0.8,1.4,11.5
638,Dwyane Wade,Dwyane Wade,PG,61.0,4.0,4.5,1.4,0.6,16.2
639,Chris Kaman,Chris Kaman,C,82.0,5.6,1.0,0.3,0.9,6.1
640,Kirk Hinrich,Kirk Hinrich,PG,76.0,3.4,6.8,1.3,0.3,12.0
641,T.J. Ford,T.J. Ford,PG,55.0,3.2,6.5,1.1,0.1,7.1
642,Mike Sweetney,Mike Sweetney,PF,42.0,3.7,0.3,0.4,0.3,4.3
643,Jarvis Hayes,Jarvis Hayes,SF,70.0,3.8,1.5,1.0,0.2,9.6
644,Nick Collison,Nick Collison,C,82.0,4.6,0.4,0.4,0.6,5.6
645,Marcus Banks,Marcus Banks,PG,81.0,1.6,2.2,1.1,0.2,5.9
646,Luke Ridnour,Luke Ridnour,PG,69.0,1.6,2.4,0.8,0.1,5.5
647,Reece Gaines,Reece Gaines,PG,38.0,1.0,1.1,0.3,0.1,1.8
648,Troy Bell,Troy Bell,PG,6.0,0.7,0.7,0.2,0.0,1.8
649,David West,David West,PF,71.0,4.2,0.8,0.4,0.4,3.8
650,Dahntay Jones,Dahntay Jones,SG,20.0,1.2,0.6,0.3,0.3,1.8
651,Brian Cook,Brian Cook,C,35.0,2.9,0.6,0.5,0.5,4.4
652,Josh Howard,Josh Howard,SF,67.0,5.5,1.4,1.0,0.8,8.6
653,Jason Kapono,Jason Kapono,SF,41.0,1.3,0.3,0.3,0.0,3.5
654,Luke Walton,Luke Walton,PF,72.0,1.8,1.6,0.4,0.1,2.4
655,Jerome Beasley,Jerome Beasley,PF,2.0,0.5,0.0,0.0,0.0,1.0
656,Travis Hansen,Travis Hansen,SF,41.0,1.7,0.5,0.2,0.2,3.0
657,Steve Blake,Steve Blake,PG,75.0,1.6,2.8,0.8,0.1,5.9
658,Derrick Zimmerman,Derrick Zimmerman,PG,2.0,2.0,3.5,0.0,0.0,2.0
659,Willie Green,Willie Green,SG,53.0,1.2,1.0,0.5,0.1,6.9
660,Keith Bogans,Keith Bogans,SF,73.0,4.3,1.3,0.6,0.1,6.8
661,Matt Bonner,Matt Bonner,C,82.0,3.5,0.6,0.5,0.2,7.2
662,Mo Williams,Mo Williams,SG,57.0,1.3,1.3,0.5,0.0,5.0
663,James Jones,James Jones,SF,6.0,0.3,0.0,0.2,0.0,1.2
664,Kyle Korver,Kyle Korver,SF,74.0,1.5,0.5,0.3,0.1,4.5
665,Brandon Hunter,Brandon Hunter,PF,36.0,3.3,0.5,0.4,0.0,3.5
666,Jay Williams,Jay Williams,PG,75.0,2.6,4.7,1.1,0.2,9.5
667,Mike Dunleavy,Mike Dunleavy,SF,82.0,2.6,1.3,0.6,0.2,5.7
668,Drew Gooden,Drew Gooden,SF-PF,70.0,6.5,1.2,0.8,0.5,12.5
669,Dajuan Wagner,Dajuan Wagner,SG,47.0,1.7,2.8,0.8,0.1,13.4
670,Chris Wilcox,Chris Wilcox,PF,46.0,2.3,0.5,0.2,0.3,3.7
671,Caron Butler,Caron Butler,SF,78.0,5.1,2.7,1.8,0.4,15.4
672,Jared Jeffries,Jared Jeffries,SF,20.0,2.9,0.8,0.4,0.3,4.0
673,Melvin Ely,Melvin Ely,C,52.0,3.3,0.3,0.2,0.6,4.5
674,Marcus Haislip,Marcus Haislip,PF,39.0,1.4,0.2,0.2,0.5,4.1
675,Fred Jones,Fred Jones,SG,19.0,0.5,0.3,0.3,0.1,1.2
676,Juan Dixon,Juan Dixon,PG,42.0,1.7,1.0,0.6,0.1,6.4
677,Curtis Borchardt,Curtis Borchardt,C,16.0,3.4,0.9,0.3,0.9,3.6
678,Ryan Humphrey,Ryan Humphrey,PF,48.0,2.1,0.2,0.2,0.4,1.9
679,Kareem Rush,Kareem Rush,PG,76.0,1.2,0.9,0.1,0.1,3.0
680,Qyntel Woods,Qyntel Woods,PF,53.0,1.0,0.2,0.3,0.0,2.4
681,Casey Jacobsen,Casey Jacobsen,SF,72.0,1.2,1.0,0.5,0.1,5.1
682,Tayshaun Prince,Tayshaun Prince,SF,42.0,1.1,0.6,0.2,0.3,3.3
683,Frank Williams,Frank Williams,PG,21.0,0.9,1.6,0.3,0.1,1.3
684,John Salmons,John Salmons,PG,64.0,0.9,0.7,0.3,0.1,2.1
685,Chris Jefferies,Chris Jefferies,SF,51.0,1.2,0.4,0.4,0.3,3.9
686,Dan Dickau,Dan Dickau,PG,50.0,0.9,1.7,0.3,0.0,3.7
687,Roger Mason,Roger Mason,SF,17.0,0.7,0.7,0.2,0.0,1.8
688,Robert Archibald,Robert Archibald,PF,12.0,1.4,0.3,0.0,0.3,1.6
689,Vincent Yarbrough,Vincent Yarbrough,SG,59.0,2.7,2.2,1.0,0.6,6.9
690,Dan Gadzuric,Dan Gadzuric,C,49.0,4.0,0.2,0.4,1.1,3.4
691,Carlos Boozer,Carlos Boozer,PF,81.0,7.5,1.3,0.7,0.6,10.0
692,Tito Maddox,Tito Maddox,SG,9.0,0.8,0.6,0.3,0.1,1.2
693,Ronald Murray,Ronald Murray,SG,14.0,0.3,0.4,0.3,0.0,1.9
694,Lonny Baxter,Lonny Baxter,C,55.0,3.0,0.3,0.2,0.4,4.8
695,Matt Barnes,Matt Barnes,SF,38.0,4.0,1.3,0.7,0.1,4.5
696,Jamal Sampson,Jamal Sampson,PF,5.0,0.4,0.2,0.2,0.0,0.0
697,Chris Owens,Chris Owens,SF,1.0,1.0,0.0,0.0,0.0,4.0
698,Darius Songaila,Darius Songaila,PF,73.0,3.1,0.7,0.6,0.2,4.6
699,Rasual Butler,Rasual Butler,SG,72.0,2.6,1.3,0.3,0.6,7.5
700,Tamar Slay,Tamar Slay,SG,36.0,0.9,0.4,0.4,0.1,2.6
701,Randy Holcomb,Randy Holcomb,SF,4.0,0.3,0.0,0.0,0.0,0.5
702,Corsley Edwards,Corsley Edwards,C,10.0,2.5,0.3,0.3,0.4,2.7
703,Jason Richardson,Jason Richardson,SG,80.0,4.3,3.0,1.3,0.4,14.4
704,Shane Battier,Shane Battier,SF,78.0,5.4,2.8,1.6,1.0,14.4
705,Eddie Griffin,Eddie Griffin,PF,73.0,5.7,0.7,0.2,1.8,8.8
706,Rodney White,Rodney White,SF,16.0,1.1,0.8,0.6,0.1,3.5
707,Joe Johnson,Joe Johnson,SG,77.0,3.3,2.3,0.8,0.3,7.5
708,Kedrick Brown,Kedrick Brown,SF,29.0,1.7,0.5,0.6,0.2,2.2
709,Richard Jefferson,Richard Jefferson,SF,79.0,3.7,1.8,0.8,0.6,9.4
710,Troy Murphy,Troy Murphy,PF,82.0,3.9,0.9,0.4,0.3,5.9
711,Steven Hunter,Steven Hunter,C,53.0,1.8,0.1,0.1,0.8,3.6
712,Kirk Haston,Kirk Haston,PF,15.0,1.3,0.3,0.0,0.1,1.7
713,Michael Bradley,Michael Bradley,PF,26.0,0.9,0.1,0.0,0.2,1.2
714,Jason Collins,Jason Collins,C,77.0,3.9,1.1,0.4,0.6,4.5
715,Zach Randolph,Zach Randolph,PF,41.0,1.7,0.3,0.2,0.1,2.8
716,Brendan Haywood,Brendan Haywood,C,62.0,5.2,0.5,0.3,1.5,5.1
717,Joseph Forte,Joseph Forte,SG,8.0,0.8,0.8,0.3,0.0,0.8
718,Jeryl Sasser,Jeryl Sasser,SG,7.0,1.0,0.3,0.4,0.0,1.4
719,Brandon Armstrong,Brandon Armstrong,SG,35.0,0.5,0.2,0.2,0.0,1.8
720,Gerald Wallace,Gerald Wallace,SF,54.0,1.6,0.5,0.4,0.1,3.2
721,Samuel Dalembert,Samuel Dalembert,C,34.0,2.0,0.1,0.2,0.4,1.5
722,Jamaal Tinsley,Jamaal Tinsley,PG,80.0,3.7,8.1,1.7,0.5,9.4
723,Trenton Hassell,Trenton Hassell,SG,78.0,3.3,2.2,0.7,0.6,8.7
724,Gilbert Arenas,Gilbert Arenas,PG,47.0,2.8,3.7,1.5,0.2,10.9
725,Omar Cook,Omar Cook,PG,17.0,0.4,1.4,0.6,0.0,0.8
726,Will Solomon,Will Solomon,SG,62.0,1.1,1.5,0.6,0.1,5.2
727,Terence Morris,Terence Morris,SF,68.0,3.1,0.9,0.3,0.4,3.8
728,Brian Scalabrine,Brian Scalabrine,PF,28.0,1.8,0.8,0.3,0.1,2.1
729,Jeff Trepagnier,Jeff Trepagnier,SG,12.0,1.0,1.0,0.7,0.3,1.5
730,Damone Brown,Damone Brown,SF,17.0,0.2,0.1,0.1,0.1,1.4
731,Earl Watson,Earl Watson,PG,64.0,1.3,2.0,0.9,0.1,3.6
732,Jamison Brewer,Jamison Brewer,SG,13.0,0.6,0.7,0.2,0.0,0.3
733,Bobby Simmons,Bobby Simmons,SF,30.0,1.7,0.6,0.4,0.2,3.7
734,Sean Lampley,Sean Lampley,SF,35.0,2.4,0.9,0.2,0.1,4.8
735,Loren Woods,Loren Woods,C,60.0,2.0,0.4,0.3,0.6,1.8
736,Ken Johnson,Ken Johnson,C,16.0,2.0,0.0,0.1,0.8,2.0
737,Ruben Boumtje-Boumtje,Ruben Boumtje-Boumtje,C,33.0,1.7,0.1,0.1,0.5,1.2
738,Alton Ford,Alton Ford,PF,53.0,2.0,0.1,0.1,0.1,3.1
739,Jarron Collins,Jarron Collins,C,70.0,4.2,0.8,0.4,0.3,6.4
740,Kenny Satterfield,Kenny Satterfield,PG,36.0,1.4,3.0,0.9,0.0,5.3
741,Alvin Jones,Alvin Jones,C,23.0,1.6,0.1,0.1,0.4,1.1
742,Kenyon Martin,Kenyon Martin,PF,68.0,7.4,1.9,1.1,1.7,12.0
743,Stromile Swift,Stromile Swift,PF,80.0,3.6,0.4,0.8,1.0,4.9
744,Marcus Fizer,Marcus Fizer,PF,72.0,4.3,1.1,0.4,0.3,9.5
745,Mike Miller,Mike Miller,SF,82.0,4.0,1.7,0.6,0.2,11.9
746,DerMarr Johnson,DerMarr Johnson,SF,78.0,2.3,0.8,0.6,0.4,5.1
747,Chris Mihm,Chris Mihm,C,59.0,4.7,0.3,0.3,0.9,7.6
748,Jamal Crawford,Jamal Crawford,PG,61.0,1.5,2.3,0.7,0.2,4.6
749,Joel Przybilla,Joel Przybilla,C,33.0,2.2,0.1,0.1,0.9,0.8
750,Keyon Dooling,Keyon Dooling,PG,76.0,1.2,2.3,0.5,0.1,5.9
751,Jérôme Moïso,Jérôme Moïso,C,24.0,1.8,0.1,0.1,0.2,1.5
752,Etan Thomas,Etan Thomas,C,47.0,3.9,0.1,0.4,0.7,4.3
753,Courtney Alexander,Courtney Alexander,PG,65.0,2.2,1.0,0.7,0.1,9.5
754,Mateen Cleaves,Mateen Cleaves,PG,78.0,1.7,2.7,0.6,0.0,5.4
755,Jason Collier,Jason Collier,C,23.0,1.6,0.3,0.1,0.1,3.1
756,Desmond Mason,Desmond Mason,SF,78.0,3.2,0.8,0.5,0.3,5.9
757,Quentin Richardson,Quentin Richardson,SG,76.0,3.4,0.8,0.6,0.1,8.1
758,Jamaal Magloire,Jamaal Magloire,C,74.0,4.0,0.4,0.2,1.1,4.6
759,Speedy Claxton,Speedy Claxton,PG,67.0,2.4,3.0,1.4,0.1,7.2
760,Morris Peterson,Morris Peterson,SG,80.0,3.2,1.3,0.8,0.3,9.3
761,Donnell Harvey,Donnell Harvey,PF,18.0,1.1,0.1,0.2,0.1,1.2
762,Mamadou N'Diaye,Mamadou N'Diaye,C,3.0,0.7,0.0,0.0,0.0,1.3
763,Erick Barkley,Erick Barkley,PG,8.0,0.4,0.8,0.3,0.0,2.4
764,Mark Madsen,Mark Madsen,PF,70.0,2.2,0.3,0.1,0.1,2.0
765,Dan Langhi,Dan Langhi,SF,33.0,1.2,0.1,0.2,0.0,2.7
766,A.J. Guyton,A.J. Guyton,PG,33.0,1.1,1.9,0.3,0.2,6.0
767,Jake Voskuhl,Jake Voskuhl,C,16.0,2.1,0.3,0.3,0.4,1.9
768,Khalid El-Amin,Khalid El-Amin,PG,50.0,1.6,2.9,1.0,0.0,6.3
769,Mike Smith,Mike Smith,SF,17.0,1.3,0.6,0.3,0.2,3.0
770,Eddie House,Eddie House,PG,50.0,0.8,1.0,0.3,0.0,5.0
771,Eduardo Nájera,Eduardo Nájera,PF,40.0,2.4,0.7,0.3,0.2,3.3
772,Lavor Postell,Lavor Postell,SG,26.0,1.0,0.2,0.2,0.1,2.3
773,Hanno Möttölä,Hanno Möttölä,SF,73.0,2.4,0.3,0.2,0.1,4.4
774,Michael Redd,Michael Redd,SG,6.0,0.7,0.2,0.2,0.0,2.2
775,Brian Cardinal,Brian Cardinal,PF,15.0,1.5,0.2,0.5,0.1,2.1
776,Jabari Smith,Jabari Smith,C,9.0,0.9,0.7,0.4,0.0,2.9
777,Jason Hart,Jason Hart,PG,1.0,0.0,1.0,0.0,0.0,2.0
778,Kaniel Dickens,Kaniel Dickens,PF,3.0,0.7,0.0,0.0,0.0,2.3
779,Ernest Brown,Ernest Brown,C,3.0,2.0,0.0,0.0,0.3,1.0
780,Dan McClintock,Dan McClintock,C,6.0,2.8,0.2,0.0,0.3,3.0
781,Chris Porter,Chris Porter,SF,51.0,3.7,1.2,0.9,0.1,8.6
782,Elton Brand,Elton Brand,PF,81.0,10.0,1.9,0.8,1.6,20.1
783,Steve Francis,Steve Francis,PG,77.0,5.3,6.6,1.5,0.4,18.0
784,Baron Davis,Baron Davis,PG,82.0,2.0,3.8,1.2,0.2,5.9
785,Lamar Odom,Lamar Odom,SF,76.0,7.8,4.2,1.2,1.3,16.6
786,Wally Szczerbiak,Wally Szczerbiak,SF,73.0,3.7,2.8,0.8,0.3,11.6
787,Richard Hamilton,Richard Hamilton,SG,71.0,1.8,1.5,0.4,0.1,9.0
788,Andre Miller,Andre Miller,PG,82.0,3.4,5.8,1.0,0.2,11.1
789,Shawn Marion,Shawn Marion,SF,51.0,6.5,1.4,0.7,1.0,10.2
790,Jason Terry,Jason Terry,PG,81.0,2.0,4.3,1.1,0.1,8.1
791,Trajan Langdon,Trajan Langdon,SG,10.0,1.5,1.1,0.5,0.0,4.9
792,Aleksandar Radojević,Aleksandar Radojević,C,3.0,2.7,0.3,0.7,0.3,2.3
793,Corey Maggette,Corey Maggette,SF,77.0,3.9,0.8,0.3,0.3,8.4
794,William Avery,William Avery,PG,59.0,0.7,1.5,0.2,0.0,2.6
795,Metta World Peace,Metta World Peace,SF,72.0,4.3,2.8,1.7,0.5,12.0
796,Cal Bowdler,Cal Bowdler,SF,46.0,1.8,0.3,0.3,0.2,2.7
797,James Posey,James Posey,SF,81.0,3.9,1.8,1.2,0.4,8.2
798,Quincy Lewis,Quincy Lewis,SG,74.0,1.5,0.5,0.3,0.2,3.8
799,Dion Glover,Dion Glover,SG,30.0,1.3,0.9,0.5,0.1,6.5
800,Jeff Foster,Jeff Foster,C,19.0,1.7,0.3,0.3,0.1,2.3
801,Kenny Thomas,Kenny Thomas,PF,72.0,6.1,1.6,0.8,0.3,8.3
802,Devean George,Devean George,SF,49.0,1.5,0.2,0.2,0.1,3.2
803,Tim James,Tim James,SF,4.0,1.0,0.5,0.0,0.8,2.8
804,Vonteego Cummings,Vonteego Cummings,PG,75.0,2.5,3.3,1.2,0.2,9.4
805,Jumaine Jones,Jumaine Jones,SF,33.0,1.2,0.2,0.2,0.2,1.7
806,Scott Padgett,Scott Padgett,PF,47.0,1.9,0.5,0.3,0.2,2.6
807,John Celestand,John Celestand,PG,16.0,0.7,1.3,0.4,0.0,2.3
808,Michael Ruffin,Michael Ruffin,PF,71.0,3.5,0.6,0.4,0.4,2.2
809,Chris Herren,Chris Herren,PG,45.0,1.2,2.5,0.3,0.0,3.1
810,Evan Eschmeyer,Evan Eschmeyer,C,31.0,3.5,0.7,0.3,0.7,2.9
811,Calvin Booth,Calvin Booth,C,11.0,2.9,0.6,0.3,1.3,3.8
812,Obinna Ekezie,Obinna Ekezie,PF,39.0,2.4,0.2,0.2,0.1,3.2
813,Laron Profit,Laron Profit,SG,33.0,0.8,0.8,0.2,0.1,1.5
814,A.J. Bramlett,A.J. Bramlett,C,8.0,2.8,0.0,0.1,0.0,1.0
815,Francisco Elson,Francisco Elson,C,62.0,3.3,0.5,0.6,0.6,3.5
816,Lee Nailon,Lee Nailon,SF,42.0,2.2,0.6,0.2,0.1,3.9
817,Ryan Robertson,Ryan Robertson,SG,1.0,0.0,0.0,0.0,0.0,5.0
818,Todd MacCulloch,Todd MacCulloch,C,56.0,2.6,0.2,0.2,0.7,3.7
819,Lari Ketner,Lari Ketner,PF,22.0,1.5,0.0,0.2,0.1,1.5
820,Rodney Buford,Rodney Buford,SG,34.0,1.4,0.6,0.3,0.2,4.3
821,Tim Young,Tim Young,C,25.0,1.4,0.2,0.1,0.0,2.2
822,Michael Olowokandi,Michael Olowokandi,C,45.0,7.9,0.6,0.6,1.2,8.9
823,Mike Bibby,Mike Bibby,PG,50.0,2.7,6.5,1.6,0.1,13.2
824,Raef LaFrentz,Raef LaFrentz,C,12.0,7.6,0.7,0.8,1.4,13.8
825,Antawn Jamison,Antawn Jamison,SF,47.0,6.4,0.7,0.8,0.3,9.6
826,Vince Carter,Vince Carter,SF,50.0,5.7,3.0,1.1,1.5,18.3
827,Robert Traylor,Robert Traylor,C,49.0,3.7,0.8,0.9,0.9,5.3
828,Jason Williams,Jason Williams,PG,50.0,3.1,6.0,1.9,0.0,12.8
829,Larry Hughes,Larry Hughes,PG,50.0,3.8,1.5,0.9,0.3,9.1
830,Paul Pierce,Paul Pierce,SF,48.0,6.4,2.4,1.7,1.0,16.5
831,Bonzi Wells,Bonzi Wells,SF,7.0,1.3,0.4,0.1,0.1,4.4
832,Michael Doleac,Michael Doleac,C,49.0,3.0,0.4,0.4,0.3,6.2
833,Keon Clark,Keon Clark,C,28.0,3.4,0.4,0.4,1.1,3.3
834,Michael Dickerson,Michael Dickerson,SG,50.0,1.7,1.9,0.5,0.2,10.9
835,Matt Harpring,Matt Harpring,SF,50.0,4.3,0.9,0.6,0.1,8.2
836,Bryce Drew,Bryce Drew,PG,34.0,0.9,1.5,0.4,0.1,3.5
837,Pat Garrity,Pat Garrity,PF,39.0,1.9,0.5,0.2,0.1,5.6
838,Roshown McLeod,Roshown McLeod,SF,34.0,1.5,0.4,0.1,0.0,4.8
839,Ricky Davis,Ricky Davis,SG,46.0,1.8,1.3,0.7,0.2,4.5
840,Brian Skinner,Brian Skinner,PF,21.0,2.5,0.0,0.5,0.6,4.1
841,Tyronn Lue,Tyronn Lue,PG,15.0,0.4,1.7,0.3,0.0,5.0
842,Felipe López,Felipe López,SG,47.0,3.5,1.3,1.0,0.3,9.3
843,Sam Jacobson,Sam Jacobson,PG,2.0,1.5,0.0,0.0,0.0,4.0
844,Corey Benjamin,Corey Benjamin,PG,31.0,1.3,0.3,0.4,0.3,3.8
845,Nazr Mohammed,Nazr Mohammed,C,26.0,1.4,0.1,0.2,0.2,1.6
846,Ansu Sesay,Ansu Sesay,SF,9.0,2.2,0.9,0.3,0.2,6.4
847,Ruben Patterson,Ruben Patterson,SF,24.0,1.3,0.1,0.2,0.1,2.7
848,Jelani McCoy,Jelani McCoy,C,26.0,3.0,0.2,0.4,0.8,5.1
849,Shammond Williams,Shammond Williams,PG,2.0,0.0,0.5,0.0,0.0,1.5
850,Jerome James,Jerome James,C,16.0,1.1,0.1,0.1,0.4,1.5
851,Casey Shaw,Casey Shaw,C,9.0,0.3,0.0,0.0,0.0,0.2
852,DeMarco Johnson,DeMarco Johnson,PF,5.0,1.4,0.0,0.2,0.0,1.2
853,Rafer Alston,Rafer Alston,PG,27.0,0.9,2.6,0.4,0.0,2.2
854,Cuttino Mobley,Cuttino Mobley,PG,49.0,2.3,2.5,0.9,0.5,9.9
855,Miles Simon,Miles Simon,SG,5.0,0.4,0.0,0.2,0.0,0.4
856,Jahidi White,Jahidi White,PF,20.0,2.9,0.1,0.2,0.6,2.5
857,Sean Marks,Sean Marks,PF,8.0,0.1,0.0,0.1,0.0,1.4
858,Toby Bailey,Toby Bailey,SG,27.0,2.0,0.5,0.3,0.1,2.9
859,Andrae Patterson,Andrae Patterson,PF,35.0,1.9,0.4,0.5,0.2,3.3
860,Tyson Wheeler,Tyson Wheeler,PG,1.0,0.0,2.0,0.0,0.0,4.0
861,Ryan Stack,Ryan Stack,PF,18.0,1.9,0.3,0.1,0.6,2.6
862,Cory Carr,Cory Carr,SG,42.0,1.2,1.6,0.5,0.2,4.1
863,Derrick Dial,Derrick Dial,SG,8.0,3.3,0.6,0.1,0.1,5.0
864,Greg Buckner,Greg Buckner,SG,48.0,3.6,1.1,0.8,0.4,5.7
865,Tremaine Fowlkes,Tremaine Fowlkes,SF,22.0,2.9,0.8,0.5,0.0,3.4
866,Ryan Bowen,Ryan Bowen,SF,52.0,2.2,0.4,0.8,0.3,2.5
867,J.R. Henderson,J.R. Henderson,SF,30.0,1.6,0.7,0.3,0.1,3.2
868,Torraye Braggs,Torraye Braggs,PF,15.0,2.6,0.5,0.3,0.1,2.7
869,Maceo Baston,Maceo Baston,PF,16.0,1.4,0.0,0.3,0.7,2.5
870,Tim Duncan,Tim Duncan,PF,82.0,11.9,2.7,0.7,2.5,21.1
871,Keith Van Horn,Keith Van Horn,PF,62.0,6.6,1.7,1.0,0.4,19.7
872,Chauncey Billups,Chauncey Billups,PG,80.0,2.4,3.9,1.3,0.1,11.2
873,Antonio Daniels,Antonio Daniels,SG,74.0,1.9,4.5,0.7,0.1,7.8
874,Tony Battie,Tony Battie,PF,65.0,5.4,0.9,0.8,1.1,8.4
875,Ron Mercer,Ron Mercer,SG,80.0,3.5,2.2,1.6,0.2,15.3
876,Tim Thomas,Tim Thomas,SF,77.0,3.7,1.2,0.7,0.2,11.0
877,Adonal Foyle,Adonal Foyle,C,55.0,3.3,0.3,0.2,0.9,3.0
878,Danny Fortson,Danny Fortson,PF,80.0,5.6,1.0,0.6,0.4,10.2
879,Tariq Abdul-Wahad,Tariq Abdul-Wahad,SG,59.0,2.0,0.9,0.6,0.2,6.4
880,Austin Croshere,Austin Croshere,PF,26.0,1.7,0.3,0.3,0.2,2.9
881,Derek Anderson,Derek Anderson,SF,66.0,2.8,3.4,1.3,0.2,11.7
882,Maurice Taylor,Maurice Taylor,PF,71.0,4.2,0.7,0.5,0.6,11.5
883,Kelvin Cato,Kelvin Cato,C,74.0,3.4,0.3,0.4,1.3,3.8
884,Brevin Knight,Brevin Knight,PG,80.0,3.2,8.2,2.5,0.2,9.0
885,Johnny Taylor,Johnny Taylor,SF,12.0,1.1,0.1,0.3,0.2,3.2
886,Scot Pollard,Scot Pollard,C,33.0,2.2,0.3,0.2,0.3,2.7
887,Paul Grant,Paul Grant,C,6.0,0.2,0.0,0.2,0.0,0.7
888,Anthony Parker,Anthony Parker,SG,37.0,0.7,0.5,0.3,0.1,1.9
889,Ed Gray,Ed Gray,SG,30.0,1.5,1.1,0.5,0.4,7.6
890,Bobby Jackson,Bobby Jackson,PG,68.0,4.4,4.7,1.5,0.2,11.6
891,Rodrick Rhodes,Rodrick Rhodes,SF,58.0,1.2,1.9,1.1,0.2,5.8
892,John Thomas,John Thomas,PF,54.0,2.0,0.3,0.4,0.2,2.8
893,Charles Smith,Charles Smith,SG,34.0,0.8,0.6,0.4,0.2,3.5
894,Jacque Vaughn,Jacque Vaughn,PG,45.0,0.8,1.9,0.2,0.0,3.1
895,Keith Booth,Keith Booth,SF,6.0,0.7,0.2,0.0,0.0,1.7
896,Charles O'Bannon,Charles O'Bannon,SG,30.0,1.1,0.6,0.3,0.0,2.1
897,James Cotton,James Cotton,SG,9.0,0.7,0.0,0.1,0.1,2.7
898,Bubba Wells,Bubba Wells,SG,39.0,1.7,0.9,0.4,0.1,3.3
899,Kebu Stewart,Kebu Stewart,PF,15.0,2.1,0.1,0.3,0.1,2.7
900,James Collins,James Collins,SG,23.0,0.6,0.1,0.3,0.1,2.6
901,Marc Jackson,Marc Jackson,C,48.0,7.5,1.2,0.7,0.6,13.2
902,Jerald Honeycutt,Jerald Honeycutt,PF,38.0,2.4,0.9,0.5,0.2,6.4
903,Anthony Johnson,Anthony Johnson,PG,77.0,2.2,4.3,0.8,0.1,7.5
904,Jason Lawson,Jason Lawson,C,17.0,1.6,0.3,0.2,0.2,1.5
905,Stephen Jackson,Stephen Jackson,SF,77.0,2.7,1.8,1.1,0.2,8.2
906,Cedric Henderson,Cedric Henderson,SF,82.0,4.0,2.0,1.2,0.5,10.1
907,God Shammgod,God Shammgod,PG,20.0,0.4,1.8,0.4,0.1,3.1
908,Eric Washington,Eric Washington,SG,66.0,1.9,1.2,0.8,0.4,7.7
909,Alvin Williams,Alvin Williams,SG,54.0,1.5,1.9,0.7,0.1,6.0
910,Chris Crawford,Chris Crawford,PF,40.0,1.0,0.2,0.3,0.2,3.8
911,DeJuan Wheat,DeJuan Wheat,PG,34.0,0.3,0.7,0.2,0.0,1.7
912,Mark Blount,Mark Blount,C,64.0,3.6,0.5,0.6,1.2,3.9
913,Allen Iverson,Allen Iverson,PG,76.0,4.1,7.5,2.1,0.3,23.5
914,Marcus Camby,Marcus Camby,C,63.0,6.3,1.5,1.0,2.1,14.8
915,Shareef Abdur-Rahim,Shareef Abdur-Rahim,PF,80.0,6.9,2.2,1.0,1.0,18.7
916,Stephon Marbury,Stephon Marbury,PG,67.0,2.7,7.8,1.0,0.3,15.8
917,Ray Allen,Ray Allen,SG,82.0,4.0,2.6,0.9,0.1,13.4
918,Antoine Walker,Antoine Walker,PF,82.0,9.0,3.2,1.3,0.6,17.5
919,Lorenzen Wright,Lorenzen Wright,C,77.0,6.1,0.6,0.6,0.8,7.3
920,Kerry Kittles,Kerry Kittles,SG,82.0,3.9,3.0,1.9,0.4,16.4
921,Samaki Walker,Samaki Walker,PF,43.0,3.4,0.4,0.3,0.5,5.0
922,Erick Dampier,Erick Dampier,C,72.0,4.1,0.6,0.3,1.0,5.1
923,Todd Fuller,Todd Fuller,C,75.0,3.3,0.3,0.1,0.3,4.1
924,Vitaly Potapenko,Vitaly Potapenko,C,80.0,2.7,0.5,0.3,0.4,5.8
925,Steve Nash,Steve Nash,PG,65.0,1.0,2.1,0.3,0.0,3.3
926,Tony Delk,Tony Delk,PG,61.0,1.6,1.6,0.6,0.1,5.4
927,John Wallace,John Wallace,SF,68.0,2.3,0.5,0.3,0.4,4.8
928,Walter McCarty,Walter McCarty,PF,35.0,0.7,0.4,0.2,0.3,1.8
929,Dontae' Jones,Dontae' Jones,SF,15.0,0.6,0.3,0.1,0.2,2.9
930,Roy Rogers,Roy Rogers,PF,82.0,4.7,0.6,0.3,2.0,6.6
931,Derek Fisher,Derek Fisher,PG,80.0,1.2,1.5,0.5,0.1,3.9
932,Jerome Williams,Jerome Williams,PF,33.0,1.5,0.2,0.4,0.0,1.5
933,Brian Evans,Brian Evans,SF,14.0,0.6,0.5,0.1,0.1,1.4
934,Priest Lauderdale,Priest Lauderdale,C,35.0,1.2,0.3,0.0,0.3,3.2
935,Travis Knight,Travis Knight,C,71.0,4.5,0.5,0.4,0.8,4.8
936,Othella Harrington,Othella Harrington,PF,57.0,3.5,0.3,0.2,0.4,4.8
937,Mark Hendrickson,Mark Hendrickson,PF,29.0,3.2,0.1,0.3,0.1,2.9
938,Moochie Norris,Moochie Norris,PG,8.0,1.5,2.9,0.5,0.0,1.5
939,Jeff McInnis,Jeff McInnis,PG,13.0,0.5,1.4,0.2,0.1,5.0
940,Steve Hamer,Steve Hamer,C,35.0,1.7,0.2,0.1,0.1,2.2
941,Jason Sasser,Jason Sasser,SF,8.0,1.0,0.3,0.4,0.0,2.4
942,Randy Livingston,Randy Livingston,PG,64.0,1.5,2.4,0.6,0.2,3.9
943,Ben Davis,Ben Davis,PF,20.0,1.4,0.0,0.2,0.1,1.5
944,Malik Rose,Malik Rose,PF,54.0,3.0,0.6,0.5,0.3,3.0
945,Marcus Brown,Marcus Brown,PG,21.0,0.7,1.0,0.4,0.1,3.9
946,Jamie Feick,Jamie Feick,PF-C,41.0,5.2,0.6,0.4,0.3,3.7
947,Amal McCaskill,Amal McCaskill,C,17.0,1.3,0.4,0.2,0.3,1.6
948,Chris Robinson,Chris Robinson,SG,41.0,1.7,1.6,0.7,0.2,4.6
949,Mark Pope,Mark Pope,SF,28.0,0.9,0.3,0.1,0.2,1.4
950,Jeff Nordgaard,Jeff Nordgaard,PF,13.0,1.1,0.2,0.2,0.0,1.4
951,Shandon Anderson,Shandon Anderson,SG,65.0,2.8,0.8,0.4,0.1,5.9
952,Reggie Geary,Reggie Geary,PG,39.0,0.4,0.9,0.3,0.1,1.5
953,Drew Barry,Drew Barry,PG,27.0,1.3,1.8,0.4,0.0,2.1
954,Joe Smith,Joe Smith,PF,82.0,8.7,1.0,1.0,1.6,15.3
955,Antonio McDyess,Antonio McDyess,PF,76.0,7.5,1.0,0.7,1.5,13.4
956,Jerry Stackhouse,Jerry Stackhouse,SG,72.0,3.7,3.9,1.1,1.1,19.2
957,Rasheed Wallace,Rasheed Wallace,PF,65.0,4.7,1.3,0.6,0.8,10.1
958,Bryant Reeves,Bryant Reeves,C,77.0,7.4,1.4,0.6,0.7,13.3
959,Damon Stoudamire,Damon Stoudamire,PG,70.0,4.0,9.3,1.4,0.3,19.0
960,Shawn Respert,Shawn Respert,SG,62.0,1.2,1.1,0.5,0.1,4.9
961,Ed O'Bannon,Ed O'Bannon,SG,64.0,2.6,1.0,0.7,0.2,6.2
962,Kurt Thomas,Kurt Thomas,PF,74.0,5.9,0.6,0.6,0.5,9.0
963,Gary Trent,Gary Trent,PF,69.0,3.4,0.7,0.4,0.2,7.5
964,Cherokee Parks,Cherokee Parks,C,64.0,3.4,0.5,0.4,0.5,3.9
965,Corliss Williamson,Corliss Williamson,SF,53.0,2.2,0.4,0.2,0.2,5.6
966,Eric Williams,Eric Williams,SF,64.0,3.4,1.1,0.9,0.2,10.7
967,Brent Barry,Brent Barry,SG,79.0,2.1,2.9,1.2,0.3,10.1
968,Alan Henderson,Alan Henderson,PF,79.0,4.5,0.6,0.6,0.5,6.4
969,Bob Sura,Bob Sura,SG,79.0,1.7,2.9,0.7,0.3,5.3
970,Theo Ratliff,Theo Ratliff,C,75.0,4.0,0.2,0.2,1.5,4.5
971,Randolph Childress,Randolph Childress,PG,28.0,0.7,1.1,0.3,0.0,3.0
972,Jason Caffey,Jason Caffey,PF,57.0,1.9,0.4,0.2,0.1,3.2
973,Michael Finley,Michael Finley,SF,82.0,4.6,3.5,1.0,0.4,15.0
974,George Zídek,George Zídek,C,71.0,2.6,0.2,0.1,0.1,4.0
975,Travis Best,Travis Best,PG,59.0,0.7,1.6,0.3,0.1,3.7
976,Loren Meyer,Loren Meyer,C,72.0,4.4,0.8,0.3,0.4,5.0
977,David Vaughn,David Vaughn,PF,33.0,2.4,0.2,0.2,0.5,1.9
978,Sherell Ford,Sherell Ford,SF,28.0,0.9,0.2,0.3,0.0,3.2
979,Mario Bennett,Mario Bennett,SF,19.0,2.6,0.3,0.6,0.6,4.5
980,Greg Ostertag,Greg Ostertag,C,57.0,3.1,0.1,0.1,1.1,3.6
981,Cory Alexander,Cory Alexander,PG,60.0,0.7,2.0,0.5,0.0,2.8
982,Lou Roe,Lou Roe,SF,49.0,1.6,0.3,0.2,0.2,1.8
983,Terrence Rencher,Terrence Rencher,PG,36.0,1.2,1.5,0.4,0.1,2.9
984,Junior Burrough,Junior Burrough,PF,61.0,1.8,0.2,0.2,0.2,3.1
985,Andrew DeClercq,Andrew DeClercq,C,22.0,1.8,0.4,0.3,0.2,2.7
986,Jimmy King,Jimmy King,SG,62.0,1.8,1.4,0.3,0.2,4.5
987,Lawrence Moten,Lawrence Moten,SG,44.0,1.4,1.1,0.7,0.2,6.6
988,Frankie King,Frankie King,PG,6.0,0.3,0.3,0.3,0.0,1.2
989,Donny Marshall,Donny Marshall,SF,34.0,0.8,0.2,0.2,0.1,2.3
990,Dwayne Whitfield,Dwayne Whitfield,PF,8.0,3.1,0.3,0.4,0.3,5.0
991,Donnie Boyce,Donnie Boyce,SG,8.0,1.3,0.4,0.4,0.1,3.0
992,Eric Snow,Eric Snow,PG,43.0,1.0,1.7,0.7,0.0,2.7
993,Tyus Edney,Tyus Edney,PG,80.0,2.5,6.1,1.1,0.0,10.8
994,Mark Davis,Mark Davis,SF,57.0,2.2,0.8,0.7,0.4,3.3
995,Jerome Allen,Jerome Allen,SG,41.0,0.6,1.2,0.5,0.1,2.6
996,Martin Lewis,Martin Lewis,SF,16.0,1.8,0.2,0.5,0.2,4.7
997,Fred Hoiberg,Fred Hoiberg,SG,15.0,0.6,0.5,0.4,0.1,2.1
998,Michael McDonald,Michael McDonald,C,1.0,1.0,0.0,0.0,0.0,0.0
999,Chris Carr,Chris Carr,SG,60.0,1.7,0.7,0.2,0.1,4.0
1000,Cuonzo Martin,Cuonzo Martin,SG,4.0,0.5,0.5,0.3,0.0,2.3
1001,Don Reid,Don Reid,PF,69.0,2.9,0.2,0.7,0.6,3.8
1002,Glenn Robinson,Glenn Robinson,SF,80.0,6.4,2.5,1.4,0.3,21.9
1003,Jason Kidd,Jason Kidd,PG,79.0,5.4,7.7,1.9,0.3,11.7
1004,Grant Hill,Grant Hill,SF,70.0,6.4,5.0,1.8,0.9,19.9
1005,Donyell Marshall,Donyell Marshall,SF,72.0,5.6,1.5,0.6,1.2,12.6
1006,Juwan Howard,Juwan Howard,PF,65.0,8.4,2.5,0.8,0.2,17.0
1007,Sharone Wright,Sharone Wright,C,79.0,6.0,0.6,0.5,1.3,11.4
1008,Lamond Murray,Lamond Murray,SF,81.0,4.4,1.6,0.9,0.7,14.1
1009,Brian Grant,Brian Grant,PF,80.0,7.5,1.2,0.6,1.5,13.2
1010,Eric Montross,Eric Montross,C,78.0,7.3,0.5,0.4,0.8,10.0
1011,Eddie Jones,Eddie Jones,SG,64.0,3.9,2.0,2.0,0.6,14.0
1012,Carlos Rogers,Carlos Rogers,C,49.0,5.7,0.8,0.4,1.1,8.9
1013,Khalid Reeves,Khalid Reeves,PG,67.0,2.8,4.3,1.1,0.1,9.2
1014,Jalen Rose,Jalen Rose,SF,81.0,2.7,4.8,0.8,0.3,8.2
1015,Yinka Dare,Yinka Dare,C,1.0,1.0,0.0,0.0,0.0,0.0
1016,Eric Piatkowski,Eric Piatkowski,SG,81.0,1.6,1.0,0.5,0.2,7.0
1017,Clifford Rozier,Clifford Rozier,C,66.0,7.4,0.7,0.5,0.6,6.8
1018,Aaron McKie,Aaron McKie,SG,45.0,2.9,2.0,0.8,0.4,6.5
1019,Eric Mobley,Eric Mobley,C,46.0,3.3,0.5,0.2,0.6,3.9
1020,Tony Dumas,Tony Dumas,SG,58.0,1.1,1.0,0.2,0.1,4.6
1021,B.J. Tyler,B.J. Tyler,PG,55.0,1.1,3.2,0.7,0.0,3.5
1022,Dickey Simpkins,Dickey Simpkins,PF,59.0,2.6,0.6,0.2,0.1,3.5
1023,Bill Curley,Bill Curley,PF,53.0,2.3,0.5,0.4,0.4,2.7
1024,Wesley Person,Wesley Person,SG,78.0,2.6,1.3,0.6,0.3,10.4
1025,Monty Williams,Monty Williams,SF,41.0,2.4,1.2,0.5,0.1,3.3
1026,Greg Minor,Greg Minor,SG,63.0,2.2,1.0,0.5,0.3,6.0
1027,Charlie Ward,Charlie Ward,PG,10.0,0.6,0.4,0.2,0.0,1.6
1028,Brooks Thompson,Brooks Thompson,PG,38.0,0.6,1.1,0.3,0.1,3.1
1029,Antonio Lang,Antonio Lang,SF,12.0,0.3,0.1,0.0,0.2,0.9
1030,Howard Eisley,Howard Eisley,PG,49.0,1.0,1.9,0.4,0.1,2.4
1031,Jim McIlvaine,Jim McIlvaine,C,55.0,1.9,0.2,0.2,1.1,1.7
1032,Derrick Alston,Derrick Alston,C,64.0,3.4,0.5,0.6,0.5,4.7
1033,Gaylon Nickerson,Gaylon Nickerson,SG,4.0,1.3,0.3,0.3,0.3,3.8
1034,Michael Smith,Michael Smith,PF,82.0,5.9,0.8,0.7,0.6,6.9
1035,Dontonio Wingfield,Dontonio Wingfield,SF,20.0,1.5,0.2,0.3,0.2,2.3
1036,Darrin Hancock,Darrin Hancock,SF,46.0,1.2,0.7,0.4,0.1,3.3
1037,Anthony Miller,Anthony Miller,PF,46.0,3.3,0.8,0.4,0.2,4.1
1038,Jeff Webster,Jeff Webster,SF,11.0,0.6,0.3,0.4,0.0,1.6
1039,Shawnelle Scott,Shawnelle Scott,C,16.0,1.0,0.0,0.0,0.2,1.3
1040,Dwayne Morton,Dwayne Morton,PG,41.0,1.4,0.4,0.3,0.4,4.1
1041,Voshon Lenard,Voshon Lenard,SG,30.0,1.7,1.0,0.2,0.0,5.9
1042,Jamie Watson,Jamie Watson,SF,60.0,1.2,1.0,0.6,0.2,3.3
1043,Charles Claxton,Charles Claxton,C,3.0,0.7,0.0,0.0,0.3,0.7
1044,Lawrence Funderburke,Lawrence Funderburke,PF,52.0,4.5,1.2,0.4,0.3,9.5
1045,Anthony Goldwire,Anthony Goldwire,PG,42.0,1.0,2.7,0.4,0.0,5.5
1046,Chris Webber,Chris Webber,C,76.0,9.1,3.6,1.2,2.2,17.5
1047,Shawn Bradley,Shawn Bradley,C,49.0,6.2,2.0,0.9,3.0,10.3
1048,Anfernee Hardaway,Anfernee Hardaway,PG,82.0,5.4,6.6,2.3,0.6,16.0
1049,Jamal Mashburn,Jamal Mashburn,SF,79.0,4.5,3.4,1.1,0.2,19.2
1050,Isaiah Rider,Isaiah Rider,SG,79.0,4.0,2.6,0.7,0.4,16.6
1051,Calbert Cheaney,Calbert Cheaney,SG,65.0,2.9,1.9,1.0,0.2,12.0
1052,Bobby Hurley,Bobby Hurley,PG,19.0,1.8,6.1,0.7,0.1,7.1
1053,Vin Baker,Vin Baker,C,82.0,7.6,2.0,0.7,1.4,13.5
1054,Rodney Rogers,Rodney Rogers,SF,79.0,2.9,1.3,0.8,0.6,8.1
1055,Lindsey Hunter,Lindsey Hunter,PG,82.0,2.3,4.8,1.5,0.1,10.3
1056,Allan Houston,Allan Houston,SG,79.0,1.5,1.3,0.4,0.2,8.5
1057,George Lynch,George Lynch,SF,71.0,5.8,1.4,1.4,0.4,9.6
1058,Terry Dehere,Terry Dehere,PG,64.0,1.1,1.2,0.4,0.0,5.3
1059,Scott Haskin,Scott Haskin,C,27.0,2.0,0.2,0.1,0.6,2.0
1060,Doug Edwards,Doug Edwards,PF,16.0,1.1,0.5,0.1,0.3,2.7
1061,Rex Walters,Rex Walters,SG,48.0,0.8,1.5,0.3,0.1,3.4
1062,Greg Graham,Greg Graham,SG,70.0,1.2,0.9,0.9,0.1,4.8
1063,Luther Wright,Luther Wright,C,15.0,0.7,0.0,0.1,0.1,1.3
1064,Acie Earl,Acie Earl,C,74.0,3.3,0.2,0.3,0.7,5.5
1065,Scott Burrell,Scott Burrell,SF,51.0,2.6,1.2,0.7,0.3,4.8
1066,James Robinson,James Robinson,PG,58.0,1.3,1.2,0.5,0.3,4.8
1067,Chris Mills,Chris Mills,SF,79.0,5.1,1.6,0.7,0.6,9.4
1068,Ervin Johnson,Ervin Johnson,C,45.0,2.6,0.2,0.2,0.5,2.6
1069,Sam Cassell,Sam Cassell,PG,66.0,2.0,2.9,0.9,0.1,6.7
1070,Corie Blount,Corie Blount,PF,67.0,2.9,0.8,0.3,0.5,3.0
1071,Geert Hammink,Geert Hammink,C,1.0,1.0,1.0,0.0,0.0,2.0
1072,Malcolm Mackey,Malcolm Mackey,C,22.0,1.1,0.0,0.0,0.1,1.5
1073,Lucious Harris,Lucious Harris,SG,77.0,2.0,1.4,0.6,0.1,5.4
1074,Evers Burns,Evers Burns,PF,23.0,1.3,0.4,0.3,0.1,2.4
1075,Alphonso Ford,Alphonso Ford,PG,6.0,0.0,0.2,0.3,0.0,2.7
1076,Eric Riley,Eric Riley,C,47.0,1.3,0.2,0.1,0.2,1.9
1077,Darnell Mee,Darnell Mee,SG,38.0,0.9,0.4,0.4,0.3,1.9
1078,Ed Stokes,Ed Stokes,C,4.0,1.0,0.3,0.3,0.5,0.8
1079,Nick Van Exel,Nick Van Exel,PG,81.0,2.9,5.8,1.0,0.1,13.6
1080,Rich Manning,Rich Manning,PF,29.0,1.9,0.2,0.1,0.2,3.7
1081,Adonis Jordan,Adonis Jordan,PG,6.0,1.0,3.2,0.0,0.2,2.5
1082,Josh Grant,Josh Grant,PF,53.0,1.7,0.5,0.3,0.2,3.0
1083,Bryon Russell,Bryon Russell,SF,67.0,2.7,0.8,1.0,0.3,5.0
1084,Richard Petruška,Richard Petruška,C,22.0,1.4,0.0,0.1,0.1,2.4
1085,Chris Whitney,Chris Whitney,PG,40.0,0.7,1.3,0.3,0.0,1.8
1086,Kevin Thompson,Kevin Thompson,C,14.0,0.9,0.2,0.0,0.1,0.9
1087,Mike Peplowski,Mike Peplowski,C,55.0,3.1,0.4,0.3,0.5,3.2
1088,Shaquille O'Neal,Shaquille O'Neal,C,81.0,13.9,1.9,0.7,3.5,23.4
1089,Alonzo Mourning,Alonzo Mourning,C,78.0,10.3,1.0,0.3,3.5,21.0
1090,Christian Laettner,Christian Laettner,PF,81.0,8.7,2.8,1.3,1.0,18.2
1091,Jim Jackson,Jim Jackson,SF,28.0,4.4,4.7,1.4,0.4,16.3
1092,LaPhonso Ellis,LaPhonso Ellis,PF,82.0,9.1,1.8,0.9,1.4,14.7
1093,Tom Gugliotta,Tom Gugliotta,PF,81.0,9.6,3.8,1.7,0.4,14.7
1094,Walt Williams,Walt Williams,SF,59.0,4.5,3.0,1.1,0.5,17.0
1095,Todd Day,Todd Day,SG,71.0,4.1,1.6,1.1,0.7,13.8
1096,Clarence Weatherspoon,Clarence Weatherspoon,SF,82.0,7.2,1.8,1.0,0.8,15.6
1097,Adam Keefe,Adam Keefe,PF,82.0,5.3,1.0,0.7,0.2,6.6
1098,Robert Horry,Robert Horry,SF,79.0,5.0,2.4,1.0,1.1,10.1
1099,Harold Miner,Harold Miner,SG,73.0,2.0,1.0,0.5,0.1,10.3
1100,Bryant Stith,Bryant Stith,SG,39.0,3.2,1.3,0.6,0.1,8.9
1101,Malik Sealy,Malik Sealy,SF,58.0,1.9,0.8,0.6,0.1,5.7
1102,Anthony Peeler,Anthony Peeler,SG,77.0,2.3,2.2,0.8,0.2,10.4
1103,Randy Woods,Randy Woods,PG,41.0,0.3,1.0,0.3,0.0,1.7
1104,Doug Christie,Doug Christie,SG,23.0,2.2,2.3,1.0,0.2,6.2
1105,Tracy Murray,Tracy Murray,SF,48.0,1.7,0.2,0.2,0.1,5.7
1106,Don MacLean,Don MacLean,PF,62.0,2.0,0.6,0.2,0.1,6.6
1107,Hubert Davis,Hubert Davis,SG,50.0,1.1,1.7,0.4,0.1,5.4
1108,Jon Barry,Jon Barry,SG,47.0,0.9,1.4,0.7,0.1,4.4
1109,Oliver Miller,Oliver Miller,C,56.0,4.9,2.1,0.7,1.8,5.6
1110,Lee Mayberry,Lee Mayberry,PG,82.0,1.4,3.3,0.7,0.1,5.2
1111,Latrell Sprewell,Latrell Sprewell,SG,77.0,3.5,3.8,1.6,0.7,15.4
1112,Elmore Spencer,Elmore Spencer,C,44.0,1.4,0.2,0.2,0.4,2.4
1113,Dave Johnson,Dave Johnson,SG,42.0,1.1,0.3,0.2,0.0,3.7
1114,Byron Houston,Byron Houston,PF,79.0,4.0,0.9,0.6,0.5,5.3
1115,Marlon Maxey,Marlon Maxey,PF,43.0,3.8,0.3,0.3,0.4,5.4
1116,P.J. Brown,P.J. Brown,C,79.0,6.2,1.2,0.9,1.2,5.7
1117,Sean Rooks,Sean Rooks,C,72.0,7.4,1.3,0.5,1.1,13.5
1118,Reggie Smith,Reggie Smith,C,23.0,0.9,0.0,0.2,0.0,1.0
1119,Brent Price,Brent Price,PG,68.0,1.5,2.3,0.8,0.0,3.9
1120,Corey Williams,Corey Williams,PG,35.0,0.9,0.7,0.1,0.1,2.3
1121,Chris Smith,Chris Smith,SG,80.0,1.2,2.5,0.6,0.2,4.3
1122,Tony Bennett,Tony Bennett,PG,75.0,0.8,1.8,0.4,0.0,3.7
1123,Duane Cooper,Duane Cooper,PG,65.0,0.8,2.3,0.3,0.0,2.4
1124,Isaiah Morris,Isaiah Morris,SF,25.0,0.5,0.2,0.1,0.0,2.2
1125,Elmer Bennett,Elmer Bennett,PG,4.0,0.3,0.8,1.0,0.0,3.8
1126,Litterial Green,Litterial Green,PG,52.0,0.7,2.2,0.4,0.1,4.5
1127,Popeye Jones,Popeye Jones,PF,81.0,7.5,1.2,0.8,0.4,5.8
1128,Matt Geiger,Matt Geiger,C,48.0,2.5,0.3,0.3,0.4,4.5
1129,Chris King,Chris King,SF,15.0,1.0,0.7,0.3,0.0,3.7
1130,Robert Werdann,Robert Werdann,C,28.0,1.9,0.3,0.2,0.1,1.9
1131,Darren Morningstar,Darren Morningstar,C,23.0,3.5,0.7,0.6,0.1,4.2
1132,Brian Davis,Brian Davis,SF,68.0,0.8,0.3,0.2,0.1,1.9
1133,Matt Fish,Matt Fish,C,26.0,3.2,0.7,0.6,0.3,4.7
1134,Matt Steigenga,Matt Steigenga,SF,2.0,1.5,1.0,0.5,0.5,1.5
1135,Larry Johnson,Larry Johnson,PF,82.0,11.0,3.6,1.0,0.6,19.2
1136,Kenny Anderson,Kenny Anderson,PG,64.0,2.0,3.2,1.0,0.1,7.0
1137,Billy Owens,Billy Owens,PF,80.0,8.0,2.4,1.1,0.8,14.3
1138,Dikembe Mutombo,Dikembe Mutombo,C,71.0,12.3,2.2,0.6,3.0,16.6
1139,Steve Smith,Steve Smith,SG,61.0,3.1,4.6,1.0,0.3,12.0
1140,Doug Smith,Doug Smith,PF,76.0,5.1,1.7,0.8,0.4,8.8
1141,Luc Longley,Luc Longley,C,66.0,3.9,0.8,0.5,1.0,4.3
1142,Mark Macon,Mark Macon,SG,76.0,2.9,2.2,2.0,0.2,10.6
1143,Stacey Augmon,Stacey Augmon,SG,82.0,5.1,2.5,1.5,0.3,13.3
1144,Bison Dele,Bison Dele,PF,48.0,5.7,0.7,0.9,1.1,9.1
1145,Terrell Brandon,Terrell Brandon,PG,82.0,2.0,3.9,1.0,0.3,7.4
1146,Greg Anthony,Greg Anthony,PG,82.0,1.7,3.8,0.7,0.1,5.5
1147,Dale Davis,Dale Davis,PF,64.0,6.4,0.5,0.4,1.2,6.2
1148,Rich King,Rich King,C,40.0,1.2,0.3,0.1,0.1,2.2
1149,Anthony Avent,Anthony Avent,PF,82.0,6.2,1.1,0.7,0.9,9.8
1150,Chris Gatling,Chris Gatling,PF,54.0,3.4,0.3,0.6,0.7,5.7
1151,Victor Alexander,Victor Alexander,C,80.0,4.2,0.4,0.6,0.8,7.4
1152,Kevin Brooks,Kevin Brooks,SF,37.0,1.1,0.3,0.2,0.1,2.8
1153,LaBradford Smith,LaBradford Smith,SG,48.0,1.7,2.1,0.9,0.0,5.1
1154,John Turner,John Turner,SF,42.0,1.9,0.3,0.1,0.1,2.8
1155,Eric Murdock,Eric Murdock,PG,50.0,1.1,1.8,0.6,0.1,4.1
1156,LeRon Ellis,LeRon Ellis,C,29.0,0.8,0.0,0.2,0.3,1.5
1157,Stanley Roberts,Stanley Roberts,C,55.0,6.1,0.7,0.4,1.5,10.4
1158,Rick Fox,Rick Fox,SF,81.0,2.7,1.6,1.0,0.4,8.0
1159,Mark Randall,Mark Randall,PF,54.0,1.3,0.6,0.2,0.1,3.2
1160,Pete Chilcutt,Pete Chilcutt,PF,69.0,2.7,0.6,0.5,0.2,3.6
1161,Kevin Lynch,Kevin Lynch,SG,55.0,1.5,1.5,0.7,0.2,4.1
1162,Rodney Monroe,Rodney Monroe,SG,38.0,0.9,0.7,0.3,0.1,3.4
1163,Randy Brown,Randy Brown,PG,56.0,1.2,1.1,0.6,0.2,3.4
1164,Chad Gallagher,Chad Gallagher,C,2.0,0.0,0.0,0.0,0.0,3.0
1165,Donald Hodge,Donald Hodge,PF,51.0,5.4,0.8,0.5,0.5,8.4
1166,Myron Brown,Myron Brown,PG,4.0,0.8,1.5,0.3,0.0,2.3
1167,Mike Iuzzolino,Mike Iuzzolino,PG,52.0,1.9,3.7,0.6,0.0,9.3
1168,Chris Corchiani,Chris Corchiani,PG,51.0,1.5,2.8,0.9,0.0,5.0
1169,Elliot Perry,Elliot Perry,PG,50.0,0.8,1.6,0.7,0.1,2.5
1170,Jimmy Oliver,Jimmy Oliver,SG,27.0,1.0,0.7,0.3,0.1,3.6
1171,Doug Overton,Doug Overton,PG,45.0,2.4,3.5,0.7,0.1,8.1
1172,Sean Green,Sean Green,SG,35.0,1.2,0.6,0.4,0.2,4.0
1173,Lamont Strothers,Lamont Strothers,SG,4.0,0.3,0.3,0.3,0.3,2.5
1174,Bobby Phills,Bobby Phills,SG,10.0,0.8,0.4,0.3,0.1,3.1
1175,Richard Dumas,Richard Dumas,SF,48.0,4.6,1.3,1.8,0.8,15.8
1176,Isaac Austin,Isaac Austin,C,31.0,1.1,0.2,0.1,0.1,2.0
1177,Greg Sutton,Greg Sutton,PG,67.0,0.7,1.4,0.4,0.1,3.7
1178,Derrick Coleman,Derrick Coleman,PF,74.0,10.3,2.2,1.0,1.3,18.4
1179,Gary Payton,Gary Payton,PG,82.0,3.0,6.4,2.0,0.2,7.2
1180,Mahmoud Abdul-Rauf,Mahmoud Abdul-Rauf,PG,67.0,1.8,3.1,0.8,0.1,14.1
1181,Dennis Scott,Dennis Scott,SG,82.0,2.9,1.6,0.8,0.3,15.7
1182,Kendall Gill,Kendall Gill,SG,82.0,3.2,3.7,1.3,0.5,11.0
1183,Felton Spencer,Felton Spencer,C,81.0,7.9,0.3,0.6,1.5,7.1
1184,Lionel Simmons,Lionel Simmons,SF,79.0,8.8,4.0,1.4,1.1,18.0
1185,Bo Kimble,Bo Kimble,SG,62.0,1.9,1.2,0.5,0.1,6.9
1186,Willie Burton,Willie Burton,SF,76.0,3.4,1.4,0.9,0.3,12.0
1187,Rumeal Robinson,Rumeal Robinson,PG,47.0,1.5,2.8,0.7,0.2,5.6
1188,Tyrone Hill,Tyrone Hill,PF,74.0,5.2,0.3,0.4,0.4,5.3
1189,Alec Kessler,Alec Kessler,C,78.0,4.3,0.4,0.2,0.3,6.2
1190,Loy Vaught,Loy Vaught,PF,73.0,4.8,0.5,0.3,0.3,5.5
1191,Travis Mays,Travis Mays,PG,64.0,2.8,4.0,1.3,0.2,14.3
1192,Dave Jamerson,Dave Jamerson,SG,37.0,0.8,0.7,0.2,0.0,3.1
1193,Terry Mills,Terry Mills,PF,55.0,4.2,0.6,0.6,0.5,5.7
1194,Jerrod Mustaf,Jerrod Mustaf,PF,62.0,2.7,0.6,0.2,0.2,4.3
1195,Duane Causwell,Duane Causwell,C,76.0,5.1,0.9,0.6,1.9,6.9
1196,Dee Brown,Dee Brown,PG,82.0,2.2,4.2,1.0,0.2,8.7
1197,Gerald Glass,Gerald Glass,SF,51.0,2.0,0.8,0.5,0.2,6.9
1198,Jayson Williams,Jayson Williams,PF,52.0,2.1,0.3,0.2,0.1,3.5
1199,Tate George,Tate George,PG,56.0,0.8,1.9,0.4,0.1,3.4
1200,Anthony Bonner,Anthony Bonner,PF,34.0,4.7,1.4,1.1,0.1,7.4
1201,Dwayne Schintzius,Dwayne Schintzius,C,42.0,2.9,0.4,0.0,0.7,3.8
1202,Alaa Abdelnaby,Alaa Abdelnaby,PF,43.0,2.1,0.3,0.1,0.3,3.1
1203,Lance Blanks,Lance Blanks,SG,38.0,0.5,0.7,0.2,0.1,1.7
1204,Elden Campbell,Elden Campbell,PF,52.0,1.8,0.2,0.2,0.7,2.8
1205,Les Jepsen,Les Jepsen,C,21.0,1.8,0.0,0.0,0.1,1.3
1206,Carl Herrera,Carl Herrera,PF,43.0,2.3,0.6,0.4,0.6,4.4
1207,Negele Knight,Negele Knight,PG,64.0,1.1,3.0,0.3,0.1,5.3
1208,Brian Oliver,Brian Oliver,SG,73.0,1.1,1.2,0.5,0.1,3.8
1209,Walter Palmer,Walter Palmer,C,28.0,0.8,0.2,0.1,0.1,1.4
1210,Kevin Pritchard,Kevin Pritchard,PG,62.0,1.0,1.3,0.5,0.1,3.9
1211,Greg Foster,Greg Foster,PF,54.0,2.8,0.7,0.2,0.4,4.4
1212,Trevor Wilson,Trevor Wilson,PF,25.0,1.6,0.4,0.2,0.0,2.2
1213,A.J. English,A.J. English,SG,70.0,2.1,2.5,0.4,0.2,8.8
1214,Jud Buechler,Jud Buechler,SF,74.0,1.9,0.7,0.4,0.2,3.1
1215,Steve Scheffler,Steve Scheffler,C,39.0,1.2,0.2,0.2,0.1,1.5
1216,Bimbo Coles,Bimbo Coles,PG,82.0,1.9,2.8,0.8,0.1,4.9
1217,Steve Bardo,Steve Bardo,SG,1.0,1.0,0.0,0.0,0.0,0.0
1218,Marcus Liberty,Marcus Liberty,SF,76.0,2.9,0.8,0.6,0.3,6.7
1219,Tony Massenburg,Tony Massenburg,PF,35.0,1.7,0.1,0.1,0.3,2.3
1220,Steve Henson,Steve Henson,PG,68.0,0.8,1.9,0.5,0.0,3.1
1221,Antonio Davis,Antonio Davis,PF,81.0,6.2,0.7,0.6,1.0,7.7
1222,Kenny Williams,Kenny Williams,PF,75.0,1.7,0.4,0.1,0.4,2.9
1223,Derek Strong,Derek Strong,PF,1.0,5.0,1.0,0.0,0.0,3.0
1224,Cedric Ceballos,Cedric Ceballos,SF,63.0,2.4,0.6,0.3,0.1,8.2
1225,Miloš Babić,Miloš Babić,PF,12.0,0.8,0.3,0.1,0.1,1.6
1226,Tony Smith,Tony Smith,SG,64.0,1.1,2.1,0.4,0.2,3.7
1227,Sean Higgins,Sean Higgins,SF,50.0,1.3,0.7,0.2,0.0,4.5
1228,Pervis Ellison,Pervis Ellison,C,34.0,5.8,1.9,0.5,1.7,8.0
1229,Danny Ferry,Danny Ferry,PF,81.0,3.5,1.8,0.5,0.3,8.6
1230,Sean Elliott,Sean Elliott,SF,81.0,3.7,1.9,0.6,0.2,10.0
1231,Glen Rice,Glen Rice,SF,77.0,4.6,1.8,0.9,0.4,13.6
1232,J.R. Reid,J.R. Reid,C,82.0,8.4,1.2,1.1,0.7,11.1
1233,Stacey King,Stacey King,PF,82.0,4.7,1.1,0.5,0.7,8.9
1234,George McCloud,George McCloud,SF,44.0,1.0,1.0,0.4,0.1,2.7
1235,Randy White,Randy White,PF,55.0,3.1,0.4,0.4,0.1,4.3
1236,Tom Hammonds,Tom Hammonds,PF,61.0,2.8,0.8,0.2,0.2,5.3
1237,Pooh Richardson,Pooh Richardson,PG,82.0,2.6,6.8,1.6,0.3,11.4
1238,Nick Anderson,Nick Anderson,SG,81.0,3.9,1.5,0.9,0.4,11.5
1239,Mookie Blaylock,Mookie Blaylock,PG,50.0,2.8,4.2,1.6,0.3,10.1
1240,Michael Smith,Michael Smith,PF,65.0,1.5,1.2,0.1,0.0,5.0
1241,Tim Hardaway,Tim Hardaway,PG,79.0,3.9,8.7,2.1,0.2,14.7
1242,Todd Lichti,Todd Lichti,SG,79.0,1.9,1.5,0.7,0.2,8.0
1243,Dana Barros,Dana Barros,PG,81.0,1.6,2.5,0.7,0.0,9.7
1244,Shawn Kemp,Shawn Kemp,PF,81.0,4.3,0.3,0.6,0.9,6.5
1245,B.J. Armstrong,B.J. Armstrong,PG,81.0,1.3,2.5,0.6,0.1,5.6
1246,Kenny Payne,Kenny Payne,SF,35.0,0.7,0.3,0.2,0.2,3.3
1247,Jeff Sanders,Jeff Sanders,PF,31.0,1.3,0.3,0.1,0.1,0.9
1248,Blue Edwards,Blue Edwards,SF,82.0,3.1,1.8,0.9,0.4,8.9
1249,Byron Irvin,Byron Irvin,SG,50.0,1.5,0.9,0.6,0.0,5.2
1250,Roy Marble,Roy Marble,SG,24.0,1.0,0.5,0.3,0.0,2.1
1251,Anthony Cook,Anthony Cook,PF,58.0,5.6,0.4,0.6,1.2,5.3
1252,John Morton,John Morton,SG,37.0,0.9,1.8,0.5,0.1,3.9
1253,Kenny Battle,Kenny Battle,SG,59.0,2.1,0.6,0.6,0.2,4.1
1254,Sherman Douglas,Sherman Douglas,PG,81.0,2.5,7.6,1.8,0.1,14.3
1255,Dyron Nix,Dyron Nix,SF,20.0,1.3,0.3,0.2,0.1,2.0
1256,Frank Kornet,Frank Kornet,PF,57.0,1.2,0.4,0.2,0.1,2.0
1257,Jeff Martin,Jeff Martin,SG,69.0,2.3,0.6,0.6,0.2,6.3
1258,Stanley Brundy,Stanley Brundy,SF,16.0,1.6,0.2,0.4,0.3,2.3
1259,Jay Edwards,Jay Edwards,SG,4.0,0.5,1.0,0.3,0.0,1.8
1260,Gary Leonard,Gary Leonard,C,22.0,1.2,0.0,0.1,0.4,1.5
1261,Pat Durham,Pat Durham,SF,5.0,2.8,0.8,0.2,0.2,4.2
1262,Clifford Robinson,Clifford Robinson,PF,82.0,3.8,0.9,0.6,0.6,9.1
1263,Michael Ansley,Michael Ansley,SF,72.0,5.0,0.6,0.3,0.2,8.7
1264,Doug West,Doug West,SG,52.0,1.3,0.3,0.2,0.1,2.6
1265,Ed Horton,Ed Horton,PF,45.0,2.4,0.4,0.2,0.1,4.5
1266,Doug Roth,Doug Roth,C,42.0,2.9,0.5,0.2,0.3,1.9
1267,Chucky Brown,Chucky Brown,SF,75.0,3.1,0.7,0.4,0.3,7.3
1268,Scott Haffner,Scott Haffner,PG,43.0,1.2,1.9,0.3,0.0,4.6
1269,Ricky Blanton,Ricky Blanton,SF,2.0,1.5,0.5,1.0,0.0,3.0
1270,Haywoode Workman,Haywoode Workman,PG,6.0,0.5,0.3,0.5,0.0,1.0
1271,Brian Quinnett,Brian Quinnett,SG,31.0,0.9,0.4,0.1,0.1,1.3
1272,Mike Morrison,Mike Morrison,SG,36.0,0.6,0.3,0.1,0.0,2.0
1273,Greg Grant,Greg Grant,PG,67.0,0.9,2.5,0.5,0.0,3.1
1274,Danny Manning,Danny Manning,PF,26.0,6.6,3.1,1.7,1.0,16.7
1275,Rik Smits,Rik Smits,C,82.0,6.1,0.9,0.5,1.8,11.7
1276,Charles Smith,Charles Smith,PF,71.0,6.5,1.5,1.0,1.3,16.3
1277,Chris Morris,Chris Morris,SF,76.0,5.2,1.6,1.3,0.8,14.1
1278,Mitch Richmond,Mitch Richmond,SG,79.0,5.9,4.2,1.0,0.2,22.0
1279,Hersey Hawkins,Hersey Hawkins,SG,79.0,2.8,3.0,1.5,0.5,15.1
1280,Tim Perry,Tim Perry,C,62.0,2.1,0.3,0.3,0.5,4.1
1281,Rex Chapman,Rex Chapman,SG,75.0,2.5,2.3,0.9,0.3,16.9
1282,Rony Seikaly,Rony Seikaly,C,78.0,7.0,0.7,0.6,1.2,10.9
1283,Willie Anderson,Willie Anderson,SF,81.0,5.1,4.6,1.9,0.8,18.6
1284,Will Perdue,Will Perdue,C,30.0,1.5,0.4,0.1,0.2,2.2
1285,Harvey Grant,Harvey Grant,PF,71.0,2.3,1.1,0.5,0.4,5.6
1286,Jeff Grayer,Jeff Grayer,SG,11.0,3.2,2.0,0.9,0.1,7.4
1287,Dan Majerle,Dan Majerle,SG,54.0,3.9,2.4,1.2,0.3,8.6
1288,Gary Grant,Gary Grant,PG,71.0,3.4,7.1,2.0,0.1,11.9
1289,Derrick Chievous,Derrick Chievous,SF,81.0,3.2,1.0,0.6,0.1,9.3
1290,Eric Leckner,Eric Leckner,C,75.0,2.7,0.2,0.1,0.3,4.3
1291,Ricky Berry,Ricky Berry,SG,64.0,3.1,1.3,0.6,0.3,11.0
1292,Rod Strickland,Rod Strickland,PG,81.0,2.0,3.9,1.2,0.0,8.9
1293,Kevin Edwards,Kevin Edwards,SG,79.0,3.3,4.4,1.8,0.3,13.8
1294,Mark Bryant,Mark Bryant,PF,56.0,3.2,0.6,0.4,0.1,5.0
1295,Randolph Keys,Randolph Keys,SF,42.0,1.3,0.5,0.3,0.1,4.0
1296,Jerome Lane,Jerome Lane,PF,54.0,3.7,1.1,0.4,0.1,4.8
1297,Brian Shaw,Brian Shaw,SG,82.0,4.6,5.8,1.0,0.3,8.6
1298,David Rivers,David Rivers,PG,47.0,0.9,2.3,0.5,0.2,2.9
1299,Rolando Ferreira,Rolando Ferreira,C,12.0,1.1,0.1,0.0,0.1,0.8
1300,Shelton Jones,Shelton Jones,SF,51.0,2.2,0.8,0.4,0.3,4.8
1301,Andrew Lang,Andrew Lang,C,62.0,2.4,0.1,0.3,0.8,2.6
1302,Vinny Del Negro,Vinny Del Negro,SG,80.0,2.1,2.6,0.8,0.2,7.1
1303,Fennis Dembo,Fennis Dembo,SF,31.0,0.7,0.2,0.0,0.0,1.2
1304,Everette Stephens,Everette Stephens,PG,35.0,0.7,1.1,0.3,0.1,1.9
1305,Charles Shackleford,Charles Shackleford,C,60.0,2.6,0.4,0.3,0.3,3.1
1306,Grant Long,Grant Long,PF,82.0,6.7,1.8,1.5,0.6,11.9
1307,Tom Tolbert,Tom Tolbert,SF,14.0,1.5,0.5,0.1,0.3,2.9
1308,Sylvester Gray,Sylvester Gray,SF,55.0,5.2,2.1,0.7,0.5,8.0
1309,Ledell Eackles,Ledell Eackles,SG,80.0,2.3,1.5,0.5,0.1,11.5
1310,Greg Butler,Greg Butler,C,33.0,0.8,0.1,0.0,0.1,1.7
1311,Dean Garrett,Dean Garrett,C,68.0,7.3,0.6,0.6,1.4,8.0
1312,Tito Horford,Tito Horford,C,25.0,0.9,0.1,0.0,0.3,1.7
1313,Orlando Graham,Orlando Graham,PF,7.0,1.6,0.0,0.0,0.0,1.1
1314,Keith Smart,Keith Smart,PG,2.0,0.5,1.0,0.0,0.0,1.0
1315,Todd Mitchell,Todd Mitchell,SF,24.0,2.1,0.9,0.7,0.1,5.1
1316,Anthony Taylor,Anthony Taylor,PG,21.0,1.6,2.0,1.0,0.2,6.9
1317,Tom Garrick,Tom Garrick,SG,71.0,2.2,3.4,1.1,0.1,6.4
1318,Morlon Wiley,Morlon Wiley,PG,51.0,0.9,1.5,0.5,0.1,2.2
1319,Vernon Maxwell,Vernon Maxwell,SG,79.0,2.6,3.8,1.1,0.1,11.7
1320,Micheal Williams,Micheal Williams,PG,49.0,0.6,1.4,0.3,0.1,2.6
1321,Steve Kerr,Steve Kerr,PG,26.0,0.7,0.9,0.3,0.0,2.1
1322,Rob Lock,Rob Lock,PF,20.0,1.6,0.2,0.2,0.2,1.5
1323,Anthony Mason,Anthony Mason,PF,21.0,1.6,0.3,0.1,0.1,1.8
1324,Barry Sumpter,Barry Sumpter,PF,1.0,0.0,0.0,0.0,0.0,0.0
1325,Nate Johnston,Nate Johnston,PF-SF,21.0,1.1,0.0,0.1,0.4,2.2
1326,Armen Gilliam,Armen Gilliam,PF,55.0,7.9,1.3,1.1,0.5,14.8
1327,Dennis Hopson,Dennis Hopson,SG,61.0,2.3,1.9,0.9,0.4,9.6
1328,Reggie Williams,Reggie Williams,SF,35.0,3.4,1.7,0.8,0.6,10.4
1329,Scottie Pippen,Scottie Pippen,SF,79.0,3.8,2.1,1.2,0.7,7.9
1330,Kenny Smith,Kenny Smith,PG,61.0,2.3,7.1,1.5,0.1,13.8
1331,Kevin Johnson,Kevin Johnson,PG,80.0,2.4,5.5,1.3,0.3,9.2
1332,Olden Polynice,Olden Polynice,C,82.0,4.0,0.4,0.4,0.3,4.1
1333,Derrick McKey,Derrick McKey,SF,82.0,4.0,1.3,0.9,0.8,8.5
1334,Horace Grant,Horace Grant,PF,81.0,5.5,1.1,0.6,0.7,7.7
1335,Reggie Miller,Reggie Miller,SG,82.0,2.3,1.6,0.6,0.2,10.0
1336,Muggsy Bogues,Muggsy Bogues,PG,79.0,1.7,5.1,1.6,0.0,5.0
1337,Joe Wolf,Joe Wolf,C,42.0,4.5,2.3,0.9,0.4,7.6
1338,Tellis Frank,Tellis Frank,PF,78.0,4.2,1.4,0.7,0.3,8.1
1339,José Ortiz,José Ortiz,PF,51.0,1.1,0.2,0.2,0.1,2.8
1340,Chris Welp,Chris Welp,C,10.0,2.4,0.5,0.5,0.5,4.8
1341,Ronnie Murphy,Ronnie Murphy,SF,18.0,0.6,0.3,0.3,0.1,2.0
1342,Mark Jackson,Mark Jackson,PG,82.0,4.8,10.6,2.5,0.1,13.6
1343,Ken Norman,Ken Norman,SF,66.0,4.0,1.2,0.7,0.5,8.6
1344,Jim Farmer,Jim Farmer,SG,30.0,0.6,0.5,0.1,0.0,2.0
1345,Dallas Comegys,Dallas Comegys,PF,75.0,2.9,0.9,0.5,0.9,5.6
1346,Reggie Lewis,Reggie Lewis,SG,49.0,1.3,0.5,0.3,0.3,4.5
1347,Greg Anderson,Greg Anderson,PF,82.0,6.3,1.0,0.7,1.5,11.7
1348,Ron Moore,Ron Moore,C,14.0,0.6,0.1,0.4,0.0,1.7
1349,Steve Alford,Steve Alford,PG,28.0,0.8,0.8,0.6,0.1,2.1
1350,Nate Blackwell,Nate Blackwell,PG,10.0,0.6,1.8,0.3,0.0,3.7
1351,Rickie Winslow,Rickie Winslow,SF,7.0,1.0,0.3,0.1,0.0,1.0
1352,Nikita Wilson,Nikita Wilson,SF,15.0,0.7,0.2,0.0,0.0,1.3
1353,Andre Moore,Andre Moore,PF-SF,10.0,1.4,0.6,0.2,0.1,2.4
1354,Bob McCann,Bob McCann,SF,10.0,1.2,0.6,0.2,0.2,2.6
1355,Tony White,Tony White,PG,49.0,0.6,1.2,0.4,0.0,5.3
1356,Brian Rowsom,Brian Rowsom,PF,4.0,1.3,0.3,0.3,0.0,1.5
1357,Doug Lee,Doug Lee,SG,46.0,0.8,0.5,0.2,0.0,2.6
1358,Duane Washington,Duane Washington,SG,15.0,1.5,2.3,0.8,0.0,3.6
1359,Norris Coleman,Norris Coleman,SF,29.0,2.8,0.4,0.4,0.2,5.3
1360,Vincent Askew,Vincent Askew,SG,14.0,1.6,2.4,0.7,0.4,3.7
1361,Winston Garland,Winston Garland,PG,67.0,3.4,6.4,1.7,0.1,12.4
1362,Kannard Johnson,Kannard Johnson,SF,4.0,0.0,0.0,0.3,0.0,0.5
1363,Brad Lohaus,Brad Lohaus,PF,70.0,2.0,0.7,0.3,0.6,4.2
1364,Jamie Waller,Jamie Waller,SG,9.0,1.4,0.3,0.4,0.1,4.7
1365,Phil Zevenbergen,Phil Zevenbergen,C,8.0,1.6,0.4,0.4,0.1,3.8
1366,Donald Royal,Donald Royal,SF,66.0,2.1,0.7,0.5,0.1,5.9
1367,Winston Crite,Winston Crite,SF,29.0,2.2,0.5,0.2,0.3,3.0
1368,Darryl Johnson,Darryl Johnson,PG,11.0,0.2,0.1,0.0,0.0,1.1
1369,Brad Daugherty,Brad Daugherty,C,80.0,8.1,3.8,0.6,0.8,15.7
1370,Chris Washburn,Chris Washburn,C,35.0,2.9,0.5,0.2,0.2,3.8
1371,Chuck Person,Chuck Person,SF,82.0,8.3,3.6,1.1,0.2,18.8
1372,Kenny Walker,Kenny Walker,SF,68.0,5.0,1.1,0.7,0.7,10.4
1373,William Bedford,William Bedford,C,50.0,4.9,1.1,0.4,0.7,6.7
1374,Roy Tarpley,Roy Tarpley,PF,75.0,7.1,0.7,0.7,1.1,7.5
1375,Ron Harper,Ron Harper,SG,82.0,4.8,4.8,2.5,1.0,22.9
1376,Brad Sellers,Brad Sellers,PF,80.0,4.7,1.3,0.6,0.9,8.5
1377,Johnny Dawkins,Johnny Dawkins,PG,81.0,2.1,3.6,0.8,0.0,10.3
1378,John Salley,John Salley,C,82.0,3.6,0.7,0.5,1.5,5.3
1379,John Williams,John Williams,SF,78.0,4.7,2.4,1.7,0.4,9.2
1380,Pearl Washington,Pearl Washington,PG,72.0,1.8,4.2,1.3,0.1,8.6
1381,Walter Berry,Walter Berry,SF-PF,63.0,4.9,1.7,0.6,0.6,15.9
1382,Dell Curry,Dell Curry,SG,67.0,1.2,0.9,0.4,0.1,4.9
1383,Maurice Martin,Maurice Martin,SF,43.0,1.0,0.8,0.3,0.1,3.4
1384,Harold Pressley,Harold Pressley,SF,67.0,2.6,1.8,0.6,0.3,4.6
1385,Mark Alarie,Mark Alarie,PF,64.0,3.3,1.2,0.3,0.4,7.9
1386,Billy Thompson,Billy Thompson,SF,59.0,2.9,1.0,0.3,0.5,5.6
1387,Buck Johnson,Buck Johnson,SF,60.0,1.5,0.7,0.3,0.3,3.8
1388,Anthony Jones,Anthony Jones,SF-SG,65.0,1.6,1.1,0.6,0.3,5.0
1389,Scott Skiles,Scott Skiles,PG,13.0,2.0,3.5,0.4,0.1,3.8
1390,Mark Price,Mark Price,PG,67.0,1.7,3.0,0.6,0.1,6.9
1391,Greg Dreiling,Greg Dreiling,C,24.0,1.8,0.3,0.1,0.1,1.8
1392,Dennis Rodman,Dennis Rodman,SF,77.0,4.3,0.7,0.5,0.6,6.5
1393,Larry Krystkowiak,Larry Krystkowiak,PF,68.0,3.5,1.3,0.3,0.2,6.6
1394,Johnny Newman,Johnny Newman,SF,59.0,1.2,0.5,0.3,0.1,5.0
1395,Nate McMillan,Nate McMillan,PG,71.0,4.7,8.2,1.8,0.6,5.3
1396,Cedric Henderson,Cedric Henderson,PF,8.0,1.0,0.0,0.0,0.0,1.4
1397,Kevin Duckworth,Kevin Duckworth,C,65.0,3.4,0.4,0.3,0.3,5.4
1398,Johnny Rogers,Johnny Rogers,PF,45.0,1.7,0.6,0.2,0.2,4.2
1399,Milt Wagner,Milt Wagner,SG,40.0,0.7,1.5,0.2,0.1,3.8
1400,Rafael Addison,Rafael Addison,SF,62.0,1.7,0.7,0.4,0.1,5.8
1401,Otis Smith,Otis Smith,SG,28.0,1.2,0.8,0.0,0.0,2.8
1402,Dave Feitl,Dave Feitl,C,62.0,1.9,0.4,0.1,0.1,3.7
1403,David Wingate,David Wingate,SG,77.0,2.0,2.0,1.2,0.2,8.8
1404,Keith Smith,Keith Smith,SG,42.0,0.8,1.0,0.6,0.1,3.3
1405,Jeff Hornacek,Jeff Hornacek,SG,80.0,2.3,4.5,0.9,0.1,5.3
1406,Michael Jackson,Michael Jackson,PG,58.0,1.0,3.1,0.3,0.1,2.7
1407,Forrest McKenzie,Forrest McKenzie,SF,6.0,1.2,0.2,0.2,0.0,2.8
1408,Kevin Henderson,Kevin Henderson,PG,5.0,0.6,2.2,0.2,0.0,1.6
1409,Mike Williams,Mike Williams,PF-SF,21.0,1.1,0.1,0.1,0.3,0.7
1410,Ricky Wilson,Ricky Wilson,PG,24.0,1.1,2.9,1.0,0.1,5.2
1411,Tod Murphy,Tod Murphy,PF,1.0,2.0,2.0,1.0,0.0,5.0
1412,Dwayne Polee,Dwayne Polee,SG,1.0,0.0,0.0,1.0,0.0,2.0
1413,Kenny Gattison,Kenny Gattison,PF,77.0,3.5,0.5,0.3,0.4,5.2
1414,Bruce Douglas,Bruce Douglas,SG,8.0,1.8,2.1,1.1,0.0,1.8
1415,Dave Henderson,Dave Henderson,SG,22.0,1.6,1.5,0.5,0.2,5.7
1416,Patrick Ewing,Patrick Ewing,C,50.0,9.0,2.0,1.1,2.1,20.0
1417,Wayman Tisdale,Wayman Tisdale,PF,81.0,7.2,1.0,0.4,0.5,14.7
1418,Benoit Benjamin,Benoit Benjamin,C,79.0,7.6,1.0,0.8,2.6,11.1
1419,Xavier McDaniel,Xavier McDaniel,SF,82.0,8.0,2.4,1.2,0.5,17.1
1420,Jon Koncak,Jon Koncak,C,82.0,5.7,0.7,0.5,0.8,8.3
1421,Joe Kleine,Joe Kleine,C,80.0,4.7,0.6,0.3,0.4,5.2
1422,Chris Mullin,Chris Mullin,SG,55.0,2.1,1.9,1.3,0.4,14.0
1423,Detlef Schrempf,Detlef Schrempf,SF,64.0,3.1,1.4,0.4,0.2,6.2
1424,Charles Oakley,Charles Oakley,PF,77.0,8.6,1.7,0.9,0.4,9.6
1425,Ed Pinckney,Ed Pinckney,SF,80.0,3.9,1.1,0.9,0.5,8.5
1426,Keith Lee,Keith Lee,PF,58.0,6.1,1.2,0.5,0.6,7.4
1427,Kenny Green,Kenny Green,SF,41.0,1.8,0.2,0.1,0.2,4.9
1428,Karl Malone,Karl Malone,PF,81.0,8.9,2.9,1.3,0.5,14.9
1429,Alfredrick Hughes,Alfredrick Hughes,SG,68.0,1.7,0.9,0.4,0.1,5.2
1430,Blair Rasmussen,Blair Rasmussen,C,48.0,2.0,0.3,0.1,0.2,3.2
1431,Bill Wennington,Bill Wennington,C,56.0,2.4,0.4,0.2,0.4,3.4
1432,Uwe Blab,Uwe Blab,C,48.0,1.9,0.4,0.1,0.3,2.6
1433,Joe Dumars,Joe Dumars,SG,82.0,1.5,4.8,0.8,0.1,9.4
1434,Steve Harris,Steve Harris,SG,57.0,1.0,0.9,0.4,0.1,4.5
1435,Sam Vincent,Sam Vincent,SG,57.0,0.8,1.2,0.3,0.1,3.2
1436,Terry Catledge,Terry Catledge,PF,64.0,4.3,0.3,0.5,0.1,7.7
1437,Jerry Reynolds,Jerry Reynolds,SF,55.0,1.5,1.6,0.8,0.3,3.7
1438,A.C. Green,A.C. Green,PF,82.0,4.6,0.7,0.6,0.6,6.4
1439,Terry Porter,Terry Porter,PG,79.0,1.5,2.5,1.0,0.0,7.1
1440,Mike Smrek,Mike Smrek,C,38.0,2.9,0.5,0.2,0.6,2.8
1441,Bill Martin,Bill Martin,SF,66.0,1.5,0.8,0.3,0.1,5.0
1442,Dwayne McClain,Dwayne McClain,SF,45.0,0.7,1.5,0.8,0.1,3.5
1443,Ken Johnson,Ken Johnson,PF,64.0,3.8,0.3,0.2,0.3,4.1
1444,Mike Brittain,Mike Brittain,C,32.0,1.5,0.2,0.1,0.4,1.7
1445,Manute Bol,Manute Bol,C,80.0,6.0,0.3,0.4,5.0,3.7
1446,Nick Vanos,Nick Vanos,C,11.0,5.5,1.5,0.2,0.5,4.9
1447,Greg Stokes,Greg Stokes,PF,31.0,1.8,0.5,0.5,0.4,4.1
1448,Tyrone Corbin,Tyrone Corbin,SF,16.0,1.6,0.7,0.7,0.1,4.0
1449,Yvon Joseph,Yvon Joseph,C,1.0,0.0,0.0,0.0,0.0,2.0
1450,Carey Scurry,Carey Scurry,SF,78.0,3.1,1.1,1.0,0.8,4.7
1451,Mark Acres,Mark Acres,C,79.0,3.4,0.5,0.4,0.3,3.6
1452,Lorenzo Charles,Lorenzo Charles,SF,36.0,1.1,0.2,0.1,0.2,3.4
1453,Barry Stevens,Barry Stevens,SF,2.0,1.0,0.0,0.0,0.0,1.0
1454,Voise Winters,Voise Winters,SF,4.0,0.8,0.0,0.3,0.0,1.5
1455,Hot Rod Williams,Hot Rod Williams,PF,80.0,7.9,1.9,0.7,2.1,14.6
1456,Adrian Branch,Adrian Branch,SF,32.0,1.7,0.5,0.5,0.1,4.3
1457,Gerald Wilkins,Gerald Wilkins,SG,81.0,2.6,2.0,0.8,0.1,12.5
1458,Brad Wright,Brad Wright,PF,14.0,3.8,0.1,0.2,0.4,3.7
1459,Sam Mitchell,Sam Mitchell,PF,80.0,5.8,1.1,0.8,0.7,12.7
1460,Sedric Toney,Sedric Toney,PG,13.0,1.9,2.0,0.5,0.0,6.2
1461,Hakeem Olajuwon,Hakeem Olajuwon,C,82.0,11.9,1.4,1.2,2.7,20.6
1462,Sam Bowie,Sam Bowie,C,76.0,8.6,2.8,0.7,2.7,10.0
1463,Michael Jordan,Michael Jordan,SG,82.0,6.5,5.9,2.4,0.8,28.2
1464,Sam Perkins,Sam Perkins,PF,82.0,7.4,1.6,0.8,0.8,11.0
1465,Charles Barkley,Charles Barkley,PF,82.0,8.6,1.9,1.2,1.0,14.0
1466,Melvin Turpin,Melvin Turpin,C,79.0,5.7,0.5,0.5,1.1,10.6
1467,Alvin Robertson,Alvin Robertson,SG,79.0,3.4,3.5,1.6,0.3,9.2
1468,Lancaster Gordon,Lancaster Gordon,SG,63.0,1.0,1.4,0.5,0.1,4.1
1469,Otis Thorpe,Otis Thorpe,PF,82.0,6.8,1.4,0.4,0.5,12.8
1470,Leon Wood,Leon Wood,PG,38.0,0.5,1.2,0.2,0.0,3.2
1471,Kevin Willis,Kevin Willis,PF,82.0,6.4,0.4,0.4,0.6,9.3
1472,Tim McCormick,Tim McCormick,C,78.0,5.1,1.0,0.2,0.4,9.3
1473,Jay Humphries,Jay Humphries,SG,80.0,2.1,4.4,1.3,0.1,8.8
1474,Michael Cage,Michael Cage,PF,75.0,5.2,0.7,0.5,0.4,7.1
1475,Terence Stansbury,Terence Stansbury,SG,74.0,1.5,1.7,0.6,0.2,7.1
1476,John Stockton,John Stockton,PG,82.0,1.3,5.1,1.3,0.1,5.6
1477,Jeff Turner,Jeff Turner,PF,72.0,3.0,1.5,0.4,0.1,5.8
1478,Vern Fleming,Vern Fleming,PG,80.0,4.0,3.1,1.2,0.1,14.1
1479,Bernard Thompson,Bernard Thompson,SF,59.0,1.3,0.9,0.5,0.2,3.3
1480,Tony Campbell,Tony Campbell,SF,56.0,1.6,0.4,0.5,0.1,5.6
1481,Kenny Fields,Kenny Fields,SF,51.0,1.6,0.7,0.2,0.2,3.8
1482,Tom Sewell,Tom Sewell,SG,21.0,0.2,0.3,0.1,0.0,1.0
1483,Earl Jones,Earl Jones,C,2.0,0.0,0.0,0.0,0.0,0.0
1484,Michael Young,Michael Young,SF,2.0,1.0,0.0,0.0,0.0,2.0
1485,Devin Durrant,Devin Durrant,SF,59.0,2.1,1.4,0.3,0.2,5.1
1486,Ron Anderson,Ron Anderson,SF,36.0,2.4,0.9,0.3,0.2,5.8
1487,Cory Blackwell,Cory Blackwell,SF,60.0,1.6,0.4,0.4,0.1,3.4
1488,Stuart Gray,Stuart Gray,C,52.0,2.4,0.3,0.2,0.3,2.0
1489,Steve Burtt,Steve Burtt,SG,47.0,0.6,0.4,0.4,0.1,4.2
1490,Jay Murphy,Jay Murphy,PF,23.0,1.8,0.2,0.0,0.1,1.2
1491,Steve Colter,Steve Colter,PG,78.0,1.9,3.1,1.0,0.1,7.1
1492,Othell Wilson,Othell Wilson,PG,74.0,1.8,2.9,1.0,0.2,4.4
1493,Charles Jones,Charles Jones,C,78.0,5.1,1.6,0.6,0.8,8.4
1494,Ben Coleman,Ben Coleman,C,68.0,4.2,0.5,0.5,0.5,6.6
1495,Charlie Sitton,Charlie Sitton,SF,43.0,1.4,0.6,0.2,0.1,2.1
1496,Danny Young,Danny Young,PG,3.0,1.0,0.7,1.0,0.0,1.3
1497,Tom Sluby,Tom Sluby,SG,31.0,0.4,0.5,0.1,0.0,2.4
1498,Willie White,Willie White,SG,39.0,0.9,0.7,0.1,0.1,3.3
1499,Gary Plummer,Gary Plummer,PF,66.0,2.0,0.4,0.2,0.2,3.8
1500,Jerome Kersey,Jerome Kersey,SF,77.0,2.7,0.8,0.6,0.4,6.1
1501,Ben McDonald,Ben McDonald,SF,21.0,1.8,0.4,0.3,0.0,2.9
1502,Jim Petersen,Jim Petersen,PF,60.0,2.5,0.5,0.2,0.5,3.2
1503,Joe Binion,Joe Binion,PF,11.0,1.6,0.1,0.2,0.2,1.3
